bus_name,bus_type,bus_time,gongsi,gengxin,wang_info,wang_buff,fan_info,fan_buff
参考票价：扫码 刷卡 投币 2元
成都公交集团北星巴士有限公司
最后更新：2023-03-12
昭觉寺公交站—高朋公交站
高朋公交站—昭觉寺公交站
昭觉寺公交站,昭觉横路,地铁昭觉寺南路站,驷马桥,高笋塘路口北,高笋塘路口南,解放北路一段,梁家巷,簸箕街,北大街,省市政务中心,锣锅巷,市青少年宫,顺城大街南,盐市口,大业路,新光华街,红照壁,南大街,浆洗街,武侯祠大街,武侯祠,高升桥,高升桥路东段,地铁红牌楼站,高朋公交站,佳灵路,佳灵路高新路口,地铁太平园站,武阳大道三段,科园大道,高朋公交站,
高朋公交站,武阳大道三段,地铁太平园站,佳灵路高新路口,佳灵路,红牌楼,高升桥路东段,高升桥,武侯祠(锦里),武侯祠大街中,浆洗街,南大街,大业路,盐市口,顺城大街南,市青少年宫,锣锅巷,省市政务中心,北大街,簸箕街,梁家巷,解放北路一段,高笋塘路口南,高笋塘路口北,驷马桥,昭觉寺公交站,地铁昭觉寺南路站,昭觉横路,昭觉寺公交站,
{'bus_name': '成都1路公交车路线', 'bus_type': '[干线公交]', 'bus_time': '运行时间：昭觉寺公交站06:00-22:00 高朋公交站06:00-21:50', 'gongsi': '成都公交集团北星巴士有限公司', 'gengxin': '最后更新：2023-03-12', 'wang_info': '昭觉寺公交站—高朋公交站', 'wang_buff': '昭觉寺公交站,昭觉横路,地铁昭觉寺南路站,驷马桥,高笋塘路口北,高笋塘路口南,解放北路一段,梁家巷,簸箕街,北大街,省市政务中心,锣锅巷,市青少年宫,顺城大街南,盐市口,大业路,新光华街,红照壁,南大街,浆洗街,武侯祠大街,武侯祠,高升桥,高升桥路东段,地铁红牌楼站,高朋公交站,佳灵路,佳灵路高新路口,地铁太平园站,武阳大道三段,科园大道,高朋公交站,', 'fan_info': '高朋公交站—昭觉寺公交站', 'fan_buff': '高朋公交站,武阳大道三段,地铁太平园站,佳灵路高新路口,佳灵路,红牌楼,高升桥路东段,高升桥,武侯祠(锦里),武侯祠大街中,浆洗街,南大街,大业路,盐市口,顺城大街南,市青少年宫,锣锅巷,省市政务中心,北大街,簸箕街,梁家巷,解放北路一段,高笋塘路口南,高笋塘路口北,驷马桥,昭觉寺公交站,地铁昭觉寺南路站,昭觉横路,昭觉寺公交站,'}
参考票价：扫码 刷卡 投币 2元
成都公交集团星辰巴士有限公司
最后更新：2023-03-12
地铁衣冠庙站—新太平园家居城
新太平园家居城—地铁衣冠庙站
地铁衣冠庙站,西南民族大学,高升桥东路北,肖家河,地铁科园站,红牌楼东,地铁红牌楼站,佳灵路,地铁太平园站,太平园,三环路川藏立交桥南,南桥村,地铁簇锦站,川藏路中段,文盛路成双大道口,簇桥,福锦路二段,福锦路二段北,百锦路,地铁簇桥站,武侯大道铁佛段中,七里大道东,七里大道中,七里大道,七里大道西,新太平园家居城,金凤街,双凤四街金凤街口,金江路双凤四街口,武侯大道金江中路口,地铁龙桥路站,龙桥路北,新太平园家居城,
新太平园家居城,龙桥路北,地铁龙桥路站,双楠大道环城绿道,武侯大道金江中路口,双凤四街金江路口,双凤四街金凤街口,金凤街,七里大道西,七里大道,七里大道金兴南路口,七里大道中,七里大道东,武侯大道七里大道路口,地铁簇桥站,百锦路,福锦路二段北,福锦路二段,簇桥,成双大道文盛路口,川藏路中段,地铁簇锦站,南桥村,三环路川藏立交桥南,太平园,地铁衣冠庙站,地铁太平园站,佳灵路高新路口,佳灵路,二环董家湾北街口,红牌楼东,地铁科园站,永丰路,地铁衣冠庙站,
{'bus_name': '成都10路公交车路线', 'bus_type': '[干线公交]', 'bus_time': '运行时间：地铁衣冠庙站06:40-23:15 新太平园家居城06:10-22:30', 'gongsi': '成都公交集团星辰巴士有限公司', 'gengxin': '最后更新：2023-03-12', 'wang_info': '地铁衣冠庙站—新太平园家居城', 'wang_buff': '地铁衣冠庙站,西南民族大学,高升桥东路北,肖家河,地铁科园站,红牌楼东,地铁红牌楼站,佳灵路,地铁太平园站,太平园,三环路川藏立交桥南,南桥村,地铁簇锦站,川藏路中段,文盛路成双大道口,簇桥,福锦路二段,福锦路二段北,百锦路,地铁簇桥站,武侯大道铁佛段中,七里大道东,七里大道中,七里大道,七里大道西,新太平园家居城,金凤街,双凤四街金凤街口,金江路双凤四街口,武侯大道金江中路口,地铁龙桥路站,龙桥路北,新太平园家居城,', 'fan_info': '新太平园家居城—地铁衣冠庙站', 'fan_buff': '新太平园家居城,龙桥路北,地铁龙桥路站,双楠大道环城绿道,武侯大道金江中路口,双凤四街金江路口,双凤四街金凤街口,金凤街,七里大道西,七里大道,七里大道金兴南路口,七里大道中,七里大道东,武侯大道七里大道路口,地铁簇桥站,百锦路,福锦路二段北,福锦路二段,簇桥,成双大道文盛路口,川藏路中段,地铁簇锦站,南桥村,三环路川藏立交桥南,太平园,地铁衣冠庙站,地铁太平园站,佳灵路高新路口,佳灵路,二环董家湾北街口,红牌楼东,地铁科园站,永丰路,地铁衣冠庙站,'}
参考票价：扫码 刷卡 投币 2元
成都公交集团星辰巴士有限公司
最后更新：2023-03-12
百花中心站—复地金融岛
复地金融岛—百花中心站
百花中心站,地铁省骨科医院站,一环路菊乐路口,高升桥,高升桥路东段,二环董家湾北街口,红牌楼东,地铁科园站,创业路二环路口南,高棚子,新乐路成雅路口,新乐路,新乐路东,美洲花园,美洲北路,地铁庆安站,石羊场公交站,府城大道西段西,府城大道剑南大道口,市一医院,成汉南路锦晖西二街口,交子大道成汉南路口,交子大道益州大道口,交子南一路中,地铁孵化园站,复地金融岛,地铁心岛站,环岛路口,复地金融岛,
复地金融岛,地铁心岛站,地铁孵化园站,交子南一路中,交子大道益州大道口,成汉南路交子大道口,成汉南路锦晖西二街口,府城大道一医院,府城大道剑南大道口,府城大道西段西,石羊场公交站,地铁庆安站,美洲北路,美洲花园,新乐路东,新乐路,新乐路成雅路口,高棚子,创业路二环路口南,永丰立交西,红牌楼东,红牌楼,高升桥路东段,一环武侯祠大街口,一环菊乐路口,百花中心站,地铁省骨科医院站,百花潭公园,百花中心站,
{'bus_name': '成都11路公交车路线', 'bus_type': '[干线公交]', 'bus_time': '运行时间：百花中心站06:00-22:00 复地金融岛06:50-23:00', 'gongsi': '成都公交集团星辰巴士有限公司', 'gengxin': '最后更新：2023-03-12', 'wang_info': '百花中心站—复地金融岛', 'wang_buff': '百花中心站,地铁省骨科医院站,一环路菊乐路口,高升桥,高升桥路东段,二环董家湾北街口,红牌楼东,地铁科园站,创业路二环路口南,高棚子,新乐路成雅路口,新乐路,新乐路东,美洲花园,美洲北路,地铁庆安站,石羊场公交站,府城大道西段西,府城大道剑南大道口,市一医院,成汉南路锦晖西二街口,交子大道成汉南路口,交子大道益州大道口,交子南一路中,地铁孵化园站,复地金融岛,地铁心岛站,环岛路口,复地金融岛,', 'fan_info': '复地金融岛—百花中心站', 'fan_buff': '复地金融岛,地铁心岛站,地铁孵化园站,交子南一路中,交子大道益州大道口,成汉南路交子大道口,成汉南路锦晖西二街口,府城大道一医院,府城大道剑南大道口,府城大道西段西,石羊场公交站,地铁庆安站,美洲北路,美洲花园,新乐路东,新乐路,新乐路成雅路口,高棚子,创业路二环路口南,永丰立交西,红牌楼东,红牌楼,高升桥路东段,一环武侯祠大街口,一环菊乐路口,百花中心站,地铁省骨科医院站,百花潭公园,百花中心站,'}
参考票价：扫码 刷卡 投币 2元
成都公交集团东星巴士有限公司
最后更新：2023-03-12
林荫中街—肖家街
肖家街—林荫中街
林荫中街,地铁磨子桥站,城市音乐厅,红瓦寺,九眼桥南,九眼桥东,地铁顺江路站,龙舟路,净居寺二环路口,地铁净居寺站,静康路沙河大桥,静康路中,川师成教院,沙河铺路口,川师北大门,赖家新桥路口,三环路航天立交桥东,驿都大道西,地铁洪河站,洪河大道中路南,洪河大道中路,洪河大道中路北,洪河大道北路,玉鹤路梧桐路口,洪玉路玉鹤路口,肖家街,洪玉路,万科路洪河北路口,万科路和秀路口,和韵路,洪河镇北路,肖家街,
肖家街,大面文化广场,洪玉路,玉鹤路洪玉路口,玉鹤路梧桐路口,洪河大道北路,洪河大道中路北,青苗学校,洪河大道中路,洪河大道中路南,地铁洪河站,驿都大道西,三环路航天立交桥东,赖家新桥路口,川师北大门,沙河铺路口,川师成教院,静康路中,静康路沙河大桥,地铁净居寺站,净居寺二环路口,龙舟路,地铁顺江路站,九眼桥东,九眼桥南,林荫中街,红瓦寺,城市音乐厅,磨子桥,林荫中街,
{'bus_name': '成都12路公交车路线', 'bus_type': '[干线公交]', 'bus_time': '运行时间：林荫中街06:30-23:20 肖家街06:10-22:30', 'gongsi': '成都公交集团东星巴士有限公司', 'gengxin': '最后更新：2023-03-12', 'wang_info': '林荫中街—肖家街', 'wang_buff': '林荫中街,地铁磨子桥站,城市音乐厅,红瓦寺,九眼桥南,九眼桥东,地铁顺江路站,龙舟路,净居寺二环路口,地铁净居寺站,静康路沙河大桥,静康路中,川师成教院,沙河铺路口,川师北大门,赖家新桥路口,三环路航天立交桥东,驿都大道西,地铁洪河站,洪河大道中路南,洪河大道中路,洪河大道中路北,洪河大道北路,玉鹤路梧桐路口,洪玉路玉鹤路口,肖家街,洪玉路,万科路洪河北路口,万科路和秀路口,和韵路,洪河镇北路,肖家街,', 'fan_info': '肖家街—林荫中街', 'fan_buff': '肖家街,大面文化广场,洪玉路,玉鹤路洪玉路口,玉鹤路梧桐路口,洪河大道北路,洪河大道中路北,青苗学校,洪河大道中路,洪河大道中路南,地铁洪河站,驿都大道西,三环路航天立交桥东,赖家新桥路口,川师北大门,沙河铺路口,川师成教院,静康路中,静康路沙河大桥,地铁净居寺站,净居寺二环路口,龙舟路,地铁顺江路站,九眼桥东,九眼桥南,林荫中街,红瓦寺,城市音乐厅,磨子桥,林荫中街,'}
参考票价：扫码 刷卡 投币 2元
成都公交集团运兴巴士有限公司
最后更新：2023-03-12
高新西区公交站—西御街
西御街—高新西区公交站
高新西区公交站,金辉路景观路口,金辉路土龙路口,两河路口,金辉路经四路口,金辉路成飞路口,金辉路中,清波社区,成都第一骨科医院,中大君悦金沙,金阳路西,金阳路中,金阳路,金阳路东,锦西路西,锦西路东,战旗路口,成温立交桥,地铁草堂北路站,清江东路,中医附院,通惠门,金河路,人民公园,西御街,
西御街,人民公园,同仁路口,中医附院,清江东路,地铁草堂北路站,成温立交桥,铁门坎,金沙公交站,金阳路东,金阳路,金阳路中,蜀辉路,中大君悦金沙,成都第一骨科医院,清波社区,金辉路中,金辉路成飞路口,金辉路经四路口,两河路口,金辉路土龙路口,金辉路景观路口,西源大道新业路口,新业路西源大道口,新业路百川路口,高新西区公交站,高新西区公交站,
{'bus_name': '成都13路公交车路线', 'bus_type': '[干线公交]', 'bus_time': '运行时间：高新西区公交站06:20-21:30 西御街07:00-22:15', 'gongsi': '成都公交集团运兴巴士有限公司', 'gengxin': '最后更新：2023-03-12', 'wang_info': '高新西区公交站—西御街', 'wang_buff': '高新西区公交站,金辉路景观路口,金辉路土龙路口,两河路口,金辉路经四路口,金辉路成飞路口,金辉路中,清波社区,成都第一骨科医院,中大君悦金沙,金阳路西,金阳路中,金阳路,金阳路东,锦西路西,锦西路东,战旗路口,成温立交桥,地铁草堂北路站,清江东路,中医附院,通惠门,金河路,人民公园,西御街,', 'fan_info': '西御街—高新西区公交站', 'fan_buff': '西御街,人民公园,同仁路口,中医附院,清江东路,地铁草堂北路站,成温立交桥,铁门坎,金沙公交站,金阳路东,金阳路,金阳路中,蜀辉路,中大君悦金沙,成都第一骨科医院,清波社区,金辉路中,金辉路成飞路口,金辉路经四路口,两河路口,金辉路土龙路口,金辉路景观路口,西源大道新业路口,新业路西源大道口,新业路百川路口,高新西区公交站,高新西区公交站,'}
参考票价：扫码 刷卡 投币 2元
成都公交集团东星巴士有限公司
最后更新：2023-03-12
龙潭工业园公交站—地铁红星桥站
地铁红星桥站—龙潭工业园公交站
龙潭工业园公交站,华实路龙港路口,华实路,成宏路华实路口,成宏路华翰路口,成宏路华彩路口,鹤林小区,成宏路口,民兴北二路中,民兴北二路,民兴北一路口,民兴路中,人民塘东二路民兴路口,人民塘东二路南,蜀龙路西,二仙桥北路仙韵三路口,二仙桥北路,地铁二仙桥站,建设北路三段东,建设北路三段,厂北路口,建设路东,建设路中,建设路一环路口,建设路西,地铁红星桥站,石油路口,地铁红星桥站,
地铁红星桥站,石油路,石油路口,建设路西,建设路一环路口,建设路中,建设路东,二环建设路口,厂北路口,建设北路三段,建设北路三段东,地铁二仙桥站,二仙桥北路,二仙桥北路仙韵四路口,蜀龙路西,蜀龙路民兴路口,民兴路人民塘北一路口,民兴路中,民兴北一路口,民兴北三环路口,民兴北一路,民兴北一路中,龙潭立交西,龙潭立交东,龙港路西,龙潭工业园公交站,华泰路北,成宏路口,鹤林小区,成宏路华彩路口,成宏路中,成宏路华翰路口,华实路成宏路口,华实路,龙潭工业园公交站,
{'bus_name': '成都14路公交车路线', 'bus_type': '[干线公交]', 'bus_time': '运行时间：龙潭工业园公交站06:00-22:30 地铁红星桥站06:30-23:40', 'gongsi': '成都公交集团东星巴士有限公司', 'gengxin': '最后更新：2023-03-12', 'wang_info': '龙潭工业园公交站—地铁红星桥站', 'wang_buff': '龙潭工业园公交站,华实路龙港路口,华实路,成宏路华实路口,成宏路华翰路口,成宏路华彩路口,鹤林小区,成宏路口,民兴北二路中,民兴北二路,民兴北一路口,民兴路中,人民塘东二路民兴路口,人民塘东二路南,蜀龙路西,二仙桥北路仙韵三路口,二仙桥北路,地铁二仙桥站,建设北路三段东,建设北路三段,厂北路口,建设路东,建设路中,建设路一环路口,建设路西,地铁红星桥站,石油路口,地铁红星桥站,', 'fan_info': '地铁红星桥站—龙潭工业园公交站', 'fan_buff': '地铁红星桥站,石油路,石油路口,建设路西,建设路一环路口,建设路中,建设路东,二环建设路口,厂北路口,建设北路三段,建设北路三段东,地铁二仙桥站,二仙桥北路,二仙桥北路仙韵四路口,蜀龙路西,蜀龙路民兴路口,民兴路人民塘北一路口,民兴路中,民兴北一路口,民兴北三环路口,民兴北一路,民兴北一路中,龙潭立交西,龙潭立交东,龙港路西,龙潭工业园公交站,华泰路北,成宏路口,鹤林小区,成宏路华彩路口,成宏路中,成宏路华翰路口,华实路成宏路口,华实路,龙潭工业园公交站,'}
https://chengdu.8684.cn//list2
参考票价：扫码 刷卡 投币 2元
成都公交集团东星巴士有限公司
最后更新：2023-03-12
北湖公交站—红星路广场北
红星路广场北—北湖公交站
北湖公交站,龙潭寺,龙潭路,龙潭立交东,龙潭立交,龙潭立交西,成华大道民兴路口,圣灯公园,地铁十里店站,二仙桥北二路口,地铁理工大学站,崔家店北三路,崔家店路,地铁崔家店站,崔家店路西,崔家店,跳蹬河,万年场公交宿舍,万年场,双林中横路,双桥路中,双桥北二街口,双桥路,天祥寺,地铁市二医院站(C口),红星路蜀都大道口,红星路蜀都大道口,
红星路蜀都大道口,地铁市二医院站,武成大街,天祥寺,玉双路,双桥路西,双桥北二街口,双桥路中,双林中横路,双林路东,万年场,万年场公交宿舍,跳蹬河,崔家店,崔家店路西,地铁崔家店站,崔家店路,地铁理工大学站,二仙桥北二路口,地铁十里店站,圣灯公园,成华大道民兴路口,龙潭立交西,龙潭立交东,龙潭路,北湖公交站,龙潭寺,北湖公交站,
{'bus_name': '成都20路公交车路线', 'bus_type': '[干线公交]', 'bus_time': '运行时间：北湖公交站06:00-22:00 红星路蜀都大道口06:15-23:30', 'gongsi': '成都公交集团东星巴士有限公司', 'gengxin': '最后更新：2023-03-12', 'wang_info': '北湖公交站—红星路广场北', 'wang_buff': '北湖公交站,龙潭寺,龙潭路,龙潭立交东,龙潭立交,龙潭立交西,成华大道民兴路口,圣灯公园,地铁十里店站,二仙桥北二路口,地铁理工大学站,崔家店北三路,崔家店路,地铁崔家店站,崔家店路西,崔家店,跳蹬河,万年场公交宿舍,万年场,双林中横路,双桥路中,双桥北二街口,双桥路,天祥寺,地铁市二医院站(C口),红星路蜀都大道口,红星路蜀都大道口,', 'fan_info': '红星路广场北—北湖公交站', 'fan_buff': '红星路蜀都大道口,地铁市二医院站,武成大街,天祥寺,玉双路,双桥路西,双桥北二街口,双桥路中,双林中横路,双林路东,万年场,万年场公交宿舍,跳蹬河,崔家店,崔家店路西,地铁崔家店站,崔家店路,地铁理工大学站,二仙桥北二路口,地铁十里店站,圣灯公园,成华大道民兴路口,龙潭立交西,龙潭立交东,龙潭路,北湖公交站,龙潭寺,北湖公交站,'}
参考票价：扫码 刷卡 投币 2元
成都公交集团运兴巴士有限公司
最后更新：2023-03-12
东坡北二路—牛王庙公交站
牛王庙—东坡北二路
东坡北二路,玉宇路东,东坡大道中,东坡大道瑞南街口,沙堰街北,沙堰街,金雁路北,金雁路南,五大花园,龙爪村,龙欣路,云影路,逸都路东,双楠路西,双楠街,广福桥西街,广福桥横街,高升桥,洗面桥横街西,洗面桥横街东,电信南街,电信路南,电信路华西医院,国学巷,小天竺街东,牛王庙公交站,新南门汽车站,红星路四段,义学巷口,芷泉街,牛王庙公交站,
牛王庙,芷泉街,东门大桥,地铁春熙路站(E2口),红星路四段,地铁新南门站,林荫中街,林荫街,金陵横路,电信南街,洗面桥横街东,武侯祠东街,高升桥,广福桥北街,广福桥正街,广福桥西街,双楠街,双楠路西,逸都路东,云影路,龙欣路,龙爪村,晋阳路东,五大花园,金雁路南,东坡北二路,金雁路北,沙堰街,东坡大道沙堰街口,东坡大道瑞南街口,东坡大道中,东坡北二路,
{'bus_name': '成都21路公交车路线', 'bus_type': '[干线公交]', 'bus_time': '运行时间：06:30-22:00', 'gongsi': '成都公交集团运兴巴士有限公司', 'gengxin': '最后更新：2023-03-12', 'wang_info': '东坡北二路—牛王庙公交站', 'wang_buff': '东坡北二路,玉宇路东,东坡大道中,东坡大道瑞南街口,沙堰街北,沙堰街,金雁路北,金雁路南,五大花园,龙爪村,龙欣路,云影路,逸都路东,双楠路西,双楠街,广福桥西街,广福桥横街,高升桥,洗面桥横街西,洗面桥横街东,电信南街,电信路南,电信路华西医院,国学巷,小天竺街东,牛王庙公交站,新南门汽车站,红星路四段,义学巷口,芷泉街,牛王庙公交站,', 'fan_info': '牛王庙—东坡北二路', 'fan_buff': '牛王庙,芷泉街,东门大桥,地铁春熙路站(E2口),红星路四段,地铁新南门站,林荫中街,林荫街,金陵横路,电信南街,洗面桥横街东,武侯祠东街,高升桥,广福桥北街,广福桥正街,广福桥西街,双楠街,双楠路西,逸都路东,云影路,龙欣路,龙爪村,晋阳路东,五大花园,金雁路南,东坡北二路,金雁路北,沙堰街,东坡大道沙堰街口,东坡大道瑞南街口,东坡大道中,东坡北二路,'}
参考票价：扫码 刷卡 投币 2元
成都公交集团运兴巴士有限公司
最后更新：2023-03-12
万家湾公交站—永宁镇
永宁镇—万家湾公交站
万家湾公交站,成飞大道光华东五路口,凯德风尚,光华大道一段东二站,地铁蔡桥站,光华大道一段西一站,国际非遗博览园,地铁非遗博览园站,地铁马厂坝站,董家坝,文家口,正宗村,周家碾,芙蓉古城路口,新庄小区,永文路中,永文路康安路口,宁泰路康顺路口,开园社区,开金路中,大宅门,芙蓉大道开金路口,芙蓉大道中,和居路开金路口,永宁镇文化广场,永宁镇,开元街城武街口,永宁镇,
永宁镇,开元街城武街口,永宁镇文化广场,和居路开金路口,芙蓉大道中,大宅门,开金路中,开园社区,宁泰路康顺路口,永文路康安路口,永文路中,新庄小区,芙蓉古城路口,周家碾,正宗村,文家口,董家坝,地铁马厂坝站,地铁马厂坝站,地铁非遗博览园站,国际非遗博览园,地铁蔡桥站,光华大道一段西二站,凯德风尚,光华大道成飞大道口,万家湾公交站,光华南三路,万家湾公交站,
{'bus_name': '成都22路公交车路线', 'bus_type': '[干线公交]', 'bus_time': '运行时间：万家湾公交站06:30-21:00 永宁镇06:30-20:30', 'gongsi': '成都公交集团运兴巴士有限公司', 'gengxin': '最后更新：2023-03-12', 'wang_info': '万家湾公交站—永宁镇', 'wang_buff': '万家湾公交站,成飞大道光华东五路口,凯德风尚,光华大道一段东二站,地铁蔡桥站,光华大道一段西一站,国际非遗博览园,地铁非遗博览园站,地铁马厂坝站,董家坝,文家口,正宗村,周家碾,芙蓉古城路口,新庄小区,永文路中,永文路康安路口,宁泰路康顺路口,开园社区,开金路中,大宅门,芙蓉大道开金路口,芙蓉大道中,和居路开金路口,永宁镇文化广场,永宁镇,开元街城武街口,永宁镇,', 'fan_info': '永宁镇—万家湾公交站', 'fan_buff': '永宁镇,开元街城武街口,永宁镇文化广场,和居路开金路口,芙蓉大道中,大宅门,开金路中,开园社区,宁泰路康顺路口,永文路康安路口,永文路中,新庄小区,芙蓉古城路口,周家碾,正宗村,文家口,董家坝,地铁马厂坝站,地铁马厂坝站,地铁非遗博览园站,国际非遗博览园,地铁蔡桥站,光华大道一段西二站,凯德风尚,光华大道成飞大道口,万家湾公交站,光华南三路,万家湾公交站,'}
参考票价：扫码 刷卡 投币 2元
成都公交集团东星巴士有限公司
最后更新：2023-03-12
双桥子公交站—龙华新城
龙华新城—双桥子公交站
双桥子公交站,双桥子南,通汇街,汇源北路,塔子山公园,五桂桥公交站,建材路口,迎晖路中,成渝立交西,成渝立交南,地铁成渝立交站,江安河路口,岷江路口,惠王陵西路口,三环路航天立交桥东,驿都大道西,锦江大道北,锦江大道百日红路口,锦江大道牡丹街口,锦江大道栀子街口,成龙大道锦江大道口,三圣乡政府,成龙大道银木街口,华西第二医院锦江院区,花博路口,龙华新城,成龙大道中,红砂村公交站,成龙路绕城路口,龙华寺,博美银河装饰城,兴业路,龙华一期,经开区南一路银河路口,经开区南一路,西四路南一路口,龙安社区,龙华新城,
龙华新城,龙安社区,西四路南一路口,经开区南一路,经开区南一路银河路口,龙华一期,车城西三路,博美银河装饰城,龙华寺,红砂村公交站,成龙大道中,花博路口,华西第二医院锦江院区,成龙大道银木街口,三圣乡政府,锦江大道栀子街口,锦江大道牡丹街口,锦江大道百日红路口,锦江大道北,驿都大道西,三环路航天立交桥东,航天立交北,惠王陵西路口,祥和街口,地铁成渝立交站,双桥子公交站,万科魅力之城,成渝立交南,成渝立交西,地铁迎晖路站,五桂桥公交站,塔子山公园,汇源北路,通汇街,双桥子南,双桥子公交站,
{'bus_name': '成都23路公交车路线', 'bus_type': '[干线公交]', 'bus_time': '运行时间：双桥子公交站06:30-21:50 龙华新城06:20-21:30', 'gongsi': '成都公交集团东星巴士有限公司', 'gengxin': '最后更新：2023-03-12', 'wang_info': '双桥子公交站—龙华新城', 'wang_buff': '双桥子公交站,双桥子南,通汇街,汇源北路,塔子山公园,五桂桥公交站,建材路口,迎晖路中,成渝立交西,成渝立交南,地铁成渝立交站,江安河路口,岷江路口,惠王陵西路口,三环路航天立交桥东,驿都大道西,锦江大道北,锦江大道百日红路口,锦江大道牡丹街口,锦江大道栀子街口,成龙大道锦江大道口,三圣乡政府,成龙大道银木街口,华西第二医院锦江院区,花博路口,龙华新城,成龙大道中,红砂村公交站,成龙路绕城路口,龙华寺,博美银河装饰城,兴业路,龙华一期,经开区南一路银河路口,经开区南一路,西四路南一路口,龙安社区,龙华新城,', 'fan_info': '龙华新城—双桥子公交站', 'fan_buff': '龙华新城,龙安社区,西四路南一路口,经开区南一路,经开区南一路银河路口,龙华一期,车城西三路,博美银河装饰城,龙华寺,红砂村公交站,成龙大道中,花博路口,华西第二医院锦江院区,成龙大道银木街口,三圣乡政府,锦江大道栀子街口,锦江大道牡丹街口,锦江大道百日红路口,锦江大道北,驿都大道西,三环路航天立交桥东,航天立交北,惠王陵西路口,祥和街口,地铁成渝立交站,双桥子公交站,万科魅力之城,成渝立交南,成渝立交西,地铁迎晖路站,五桂桥公交站,塔子山公园,汇源北路,通汇街,双桥子南,双桥子公交站,'}
参考票价：扫码 刷卡 投币 2元
成都公交集团北星巴士有限公司
最后更新：2023-03-12
火车北站公交站—大丰公交站
大丰公交站—火车北站公交站
火车北站公交站,荷花池,豆腐堰,站北路,五块石客运站,五块石,五块石电器市场,地铁五块石站,福源路蓉北商贸大道口,地铁福宁路站,地铁洞子口站,洞子口商贸大道口,泉水西路口,成彭立交桥,金丰路南,友联村,金丰路正义路口,古柏二队,古柏村,金丰路古柏路口,科伦,大丰街道,新丰园,丰怡阳光,华美路口,大丰公交站,大丰公交站,
大丰公交站,大丰街道,科伦,金丰路古柏路口,古柏村,古柏二队,金丰路正义路口,友联村,金丰路南,成彭立交桥,新成彭路口,泉水西路口,地铁洞子口站,地铁福宁路站,福源路蓉北商贸大道口,地铁五块石站,五块石电器市场,五块石,五块石客运站,站北路,豆腐堰,荷花池,火车北站公交站,
{'bus_name': '成都24路公交车路线', 'bus_type': '[干线公交]', 'bus_time': '运行时间：06:00-22:00', 'gongsi': '成都公交集团北星巴士有限公司', 'gengxin': '最后更新：2023-03-12', 'wang_info': '火车北站公交站—大丰公交站', 'wang_buff': '火车北站公交站,荷花池,豆腐堰,站北路,五块石客运站,五块石,五块石电器市场,地铁五块石站,福源路蓉北商贸大道口,地铁福宁路站,地铁洞子口站,洞子口商贸大道口,泉水西路口,成彭立交桥,金丰路南,友联村,金丰路正义路口,古柏二队,古柏村,金丰路古柏路口,科伦,大丰街道,新丰园,丰怡阳光,华美路口,大丰公交站,大丰公交站,', 'fan_info': '大丰公交站—火车北站公交站', 'fan_buff': '大丰公交站,大丰街道,科伦,金丰路古柏路口,古柏村,古柏二队,金丰路正义路口,友联村,金丰路南,成彭立交桥,新成彭路口,泉水西路口,地铁洞子口站,地铁福宁路站,福源路蓉北商贸大道口,地铁五块石站,五块石电器市场,五块石,五块石客运站,站北路,豆腐堰,荷花池,火车北站公交站,'}
参考票价：扫码 刷卡 投币 2元
成都公交集团北星巴士有限公司
最后更新：2023-03-12
茶店子公交站—昭觉寺公交站
昭觉寺公交站—茶店子公交站
茶店子公交站,羊犀立交北,育仁公交站,育苗路西,育英路,营康西路西,一品天下大街北,地铁茶店子站,中环花照壁东街口,长庆路口,星辰西二街口,香榭里,长青路西,长青北路,长和路,长和路口,新桥村,金府路府河桥,新成彭路口,泉水西路口,地铁洞子口站,王贾桥,八里桥,双沙桥路口,双水村,昭觉寺公交站,荆竹村,川陕路口,昭觉横路,昭觉寺公交站,
昭觉寺公交站,昭觉横路,川陕路口,荆竹村,双水村,双沙桥路口,八里桥,王贾桥,泉水东路口,洞子口商贸大道口,泉水西路口,新成彭路口,新泉路口,长和路口,长和路,长青北路,九里堤公交站,香榭里,地铁星河站,一品天下长庆路口,中环花照壁东街口,地铁茶店子站,一品天下大街北,营康西路西,育英路,茶店子公交站,育苗路西,育仁公交站,育仁西路口,金牛立交南,茶店子公交站,
{'bus_name': '成都25路公交车路线', 'bus_type': '[干线公交]', 'bus_time': '运行时间：茶店子公交站06:30-21:00 昭觉寺公交站06:30-20:30 ', 'gongsi': '成都公交集团北星巴士有限公司', 'gengxin': '最后更新：2023-03-12', 'wang_info': '茶店子公交站—昭觉寺公交站', 'wang_buff': '茶店子公交站,羊犀立交北,育仁公交站,育苗路西,育英路,营康西路西,一品天下大街北,地铁茶店子站,中环花照壁东街口,长庆路口,星辰西二街口,香榭里,长青路西,长青北路,长和路,长和路口,新桥村,金府路府河桥,新成彭路口,泉水西路口,地铁洞子口站,王贾桥,八里桥,双沙桥路口,双水村,昭觉寺公交站,荆竹村,川陕路口,昭觉横路,昭觉寺公交站,', 'fan_info': '昭觉寺公交站—茶店子公交站', 'fan_buff': '昭觉寺公交站,昭觉横路,川陕路口,荆竹村,双水村,双沙桥路口,八里桥,王贾桥,泉水东路口,洞子口商贸大道口,泉水西路口,新成彭路口,新泉路口,长和路口,长和路,长青北路,九里堤公交站,香榭里,地铁星河站,一品天下长庆路口,中环花照壁东街口,地铁茶店子站,一品天下大街北,营康西路西,育英路,茶店子公交站,育苗路西,育仁公交站,育仁西路口,金牛立交南,茶店子公交站,'}
https://chengdu.8684.cn//list3
参考票价：扫码 刷卡 投币 2元
成都公交集团北星巴士有限公司
最后更新：2023-03-12
九里堤公交站—城东客运中心
城东客运中心—九里堤公交站(长庆西路)
九里堤公交站,香榭里,交大路西,西南交大,地铁西南交大站,地铁沙湾站,沙湾路,通锦桥,通锦桥路同心路口,江汉路西,江汉路东,德盛路,太升路口,忠烈祠东街,岳府街西,红星路二段,大慈寺,东风大桥,东风路,水碾河,地铁牛王庙站,九眼桥北,九眼桥东,地铁顺江路站,地铁三官堂站,城东客运中心,成仁公交站,地铁东光站,地铁东光站(F口),锦华路华润路口,成仁路沙河大桥,地铁琉璃场站,经天路,桦林园,城东客运中心,
城东客运中心,皇经楼西路,皇经楼西路南,锦江大道琉新路口,锦江大道榕声路口,包江桥,三环路琉璃立交桥南,启明小区,桦林园,琉璃一街,地铁琉璃场站,成仁路沙河大桥,东光小区,地铁东光站,成仁公交站,地铁三官堂站,地铁顺江路站,九眼桥东,地铁牛王庙站(H口),地铁牛王庙站,水碾河,东风路,东风大桥,蜀都大道红星路口,太升南路,九里堤公交站(长庆西路),太升路口,德盛路,文武路东,江汉路东,江汉路西,通锦桥,沙湾路,地铁沙湾站,地铁西南交大站,地铁星河站,香榭里,九里堤公交站(长庆西路),
{'bus_name': '成都3路公交车路线', 'bus_type': '[干线公交]', 'bus_time': '运行时间：06:15-23:00', 'gongsi': '成都公交集团北星巴士有限公司', 'gengxin': '最后更新：2023-03-12', 'wang_info': '九里堤公交站—城东客运中心', 'wang_buff': '九里堤公交站,香榭里,交大路西,西南交大,地铁西南交大站,地铁沙湾站,沙湾路,通锦桥,通锦桥路同心路口,江汉路西,江汉路东,德盛路,太升路口,忠烈祠东街,岳府街西,红星路二段,大慈寺,东风大桥,东风路,水碾河,地铁牛王庙站,九眼桥北,九眼桥东,地铁顺江路站,地铁三官堂站,城东客运中心,成仁公交站,地铁东光站,地铁东光站(F口),锦华路华润路口,成仁路沙河大桥,地铁琉璃场站,经天路,桦林园,城东客运中心,', 'fan_info': '城东客运中心—九里堤公交站(长庆西路)', 'fan_buff': '城东客运中心,皇经楼西路,皇经楼西路南,锦江大道琉新路口,锦江大道榕声路口,包江桥,三环路琉璃立交桥南,启明小区,桦林园,琉璃一街,地铁琉璃场站,成仁路沙河大桥,东光小区,地铁东光站,成仁公交站,地铁三官堂站,地铁顺江路站,九眼桥东,地铁牛王庙站(H口),地铁牛王庙站,水碾河,东风路,东风大桥,蜀都大道红星路口,太升南路,九里堤公交站(长庆西路),太升路口,德盛路,文武路东,江汉路东,江汉路西,通锦桥,沙湾路,地铁沙湾站,地铁西南交大站,地铁星河站,香榭里,九里堤公交站(长庆西路),'}
参考票价：扫码 刷卡 投币 2元
成都公交集团运兴巴士有限公司
最后更新：2023-03-12
西御街—中海国际
中海国际—西御街
西御街,东城根上街,商业街口,东门街,槐树街东,槐树街西,永陵路东,抚琴西路东,抚琴西路西,地铁蜀汉路东站,同友路口,蜀汉路同和路口,蜀汉路,地铁羊犀立交站,羊犀立交东,蜀西路迎宾大道口,高家村,土桥村,土龙路蜀西路口,中海国际,
中海国际,汇川街三段,蜀西路土龙路口,土桥村,高家村,蜀西路,蜀西路迎宾大道口,羊犀立交东,地铁羊犀立交站,蜀汉路,蜀汉路同和路口,同友路口,地铁蜀汉路东站,抚琴西路西,抚琴西路,永陵路西,槐树街西,槐树街东,东门街,商业街口,东城根南街,西御街,
{'bus_name': '成都30路公交车路线', 'bus_type': '[干线公交]', 'bus_time': '运行时间：西御街07:15-21:45 中海国际06:30-21:00', 'gongsi': '成都公交集团运兴巴士有限公司', 'gengxin': '最后更新：2023-03-12', 'wang_info': '西御街—中海国际', 'wang_buff': '西御街,东城根上街,商业街口,东门街,槐树街东,槐树街西,永陵路东,抚琴西路东,抚琴西路西,地铁蜀汉路东站,同友路口,蜀汉路同和路口,蜀汉路,地铁羊犀立交站,羊犀立交东,蜀西路迎宾大道口,高家村,土桥村,土龙路蜀西路口,中海国际,', 'fan_info': '中海国际—西御街', 'fan_buff': '中海国际,汇川街三段,蜀西路土龙路口,土桥村,高家村,蜀西路,蜀西路迎宾大道口,羊犀立交东,地铁羊犀立交站,蜀汉路,蜀汉路同和路口,同友路口,地铁蜀汉路东站,抚琴西路西,抚琴西路,永陵路西,槐树街西,槐树街东,东门街,商业街口,东城根南街,西御街,'}
参考票价：扫码 刷卡 投币 2元
成都公交集团东星巴士有限公司
最后更新：2023-03-12
成仁公交站—荷塘月色
荷塘月色—成仁公交站
成仁公交站,地铁三官堂站,龙舟路,地铁东光站(F口),成仁路沙河大桥,地铁琉璃场站,地铁琉三路站(A口),地铁琉三路站,锦华路三环路口,三环路琉璃立交桥南,锦华路锦江大道口,锦江大道榕声路口,锦江大道琉新路口,锦江大道锦阳大道口,高威公园北门,成都金港赛道,幸福村,幸福梅林,成龙大道锦江大道口,三圣乡政府,成龙大道银木街口,华西第二医院锦江院区,花博路口,成龙大道中,红砂村公交站,荷塘月色,成万路成龙大道口,成万路柳月路口,成万路西,荷塘月色,
荷塘月色,万福村1,黉柏路中,东篱菊园路口,曾家坡公交站,椰树街,华西第二医院锦江院区,成龙大道银木街口,三圣乡政府,锦江大道成龙大道口,幸福梅林,幸福村,成都金港赛道,高威公园北门,锦江大道锦瑞路口,锦江大道锦阳大道口,锦江大道琉新路口,锦江大道榕声路口,琉新路口,三环路琉璃立交桥南,锦华路三环路口,地铁琉三路站,琉璃一街,地铁琉璃场站,成仁路沙河大桥,成仁公交站,东光小区,成仁公交站,
{'bus_name': '成都31路公交车路线', 'bus_type': '[干线公交]', 'bus_time': '运行时间：成仁公交站06:30-20:00 荷塘月色07:22-20:52', 'gongsi': '成都公交集团东星巴士有限公司', 'gengxin': '最后更新：2023-03-12', 'wang_info': '成仁公交站—荷塘月色', 'wang_buff': '成仁公交站,地铁三官堂站,龙舟路,地铁东光站(F口),成仁路沙河大桥,地铁琉璃场站,地铁琉三路站(A口),地铁琉三路站,锦华路三环路口,三环路琉璃立交桥南,锦华路锦江大道口,锦江大道榕声路口,锦江大道琉新路口,锦江大道锦阳大道口,高威公园北门,成都金港赛道,幸福村,幸福梅林,成龙大道锦江大道口,三圣乡政府,成龙大道银木街口,华西第二医院锦江院区,花博路口,成龙大道中,红砂村公交站,荷塘月色,成万路成龙大道口,成万路柳月路口,成万路西,荷塘月色,', 'fan_info': '荷塘月色—成仁公交站', 'fan_buff': '荷塘月色,万福村1,黉柏路中,东篱菊园路口,曾家坡公交站,椰树街,华西第二医院锦江院区,成龙大道银木街口,三圣乡政府,锦江大道成龙大道口,幸福梅林,幸福村,成都金港赛道,高威公园北门,锦江大道锦瑞路口,锦江大道锦阳大道口,锦江大道琉新路口,锦江大道榕声路口,琉新路口,三环路琉璃立交桥南,锦华路三环路口,地铁琉三路站,琉璃一街,地铁琉璃场站,成仁路沙河大桥,成仁公交站,东光小区,成仁公交站,'}
参考票价：扫码 刷卡 投币 2元
成都公交集团运兴巴士有限公司
最后更新：2023-03-12
成都西站公交枢纽站—东林小区
东林小区—成都西站
成都西站公交枢纽站,地铁成都西站,万花三路中,成飞大道,成飞大道日月大道口,市妇女儿童中心医院,光华北三路口,日月大道光华北一路口,西货站路口,日月大道西货站路口,苏坡立交桥西,三环路苏坡立交桥,三环路苏坡立交桥东,二十一世纪花园,谢家祠,金沙公交站,铁门坎,二环成温路口,二环府南新区,二环清溪西路口,二环磨底河,二环蜀汉路口,二环蜀汉路口北,营门口北,地铁西南交大站,东林小区,地铁沙湾站,沙湾东一路,九里堤南路,一环白马寺街口,一环五丁路口,地铁人民北路站,一环顺沙巷口,梁家巷,解放北路一段,高笋塘路口南,驷马桥,地铁昭觉寺南路站,动物园,地铁动物园站,荆翠中路西,荆翠中路,东林小区,
东林小区,荆翠中路,荆翠中路西,川陕立交南,动物园,地铁昭觉寺南路站,驷马桥,高笋塘路口南,互助路口,一环顺沙巷口,一环路北三段,地铁人民北路站,一环五丁路口,一环白马寺街口,九里堤南路,地铁沙湾站,地铁沙湾站,地铁西南交大站,营门口北,二环蜀汉路口北,二环蜀汉路口,二环府南新区,二环战旗东路口,地铁西南财大站,金沙公交站,成都西站,谢家祠,二十一世纪花园,三环路苏坡立交桥东,三环路苏坡立交桥,苏坡立交桥西,西货站路口,日月大道光华北一路口,光华北三路口,中坝六组,成飞大道日月大道口,成飞大道,万花三路中,万花三路,地铁成都西站,成都西站,
{'bus_name': '成都32路公交车路线', 'bus_type': '[干线公交]', 'bus_time': '运行时间：06:30-22:00', 'gongsi': '成都公交集团运兴巴士有限公司', 'gengxin': '最后更新：2023-03-12', 'wang_info': '成都西站公交枢纽站—东林小区', 'wang_buff': '成都西站公交枢纽站,地铁成都西站,万花三路中,成飞大道,成飞大道日月大道口,市妇女儿童中心医院,光华北三路口,日月大道光华北一路口,西货站路口,日月大道西货站路口,苏坡立交桥西,三环路苏坡立交桥,三环路苏坡立交桥东,二十一世纪花园,谢家祠,金沙公交站,铁门坎,二环成温路口,二环府南新区,二环清溪西路口,二环磨底河,二环蜀汉路口,二环蜀汉路口北,营门口北,地铁西南交大站,东林小区,地铁沙湾站,沙湾东一路,九里堤南路,一环白马寺街口,一环五丁路口,地铁人民北路站,一环顺沙巷口,梁家巷,解放北路一段,高笋塘路口南,驷马桥,地铁昭觉寺南路站,动物园,地铁动物园站,荆翠中路西,荆翠中路,东林小区,', 'fan_info': '东林小区—成都西站', 'fan_buff': '东林小区,荆翠中路,荆翠中路西,川陕立交南,动物园,地铁昭觉寺南路站,驷马桥,高笋塘路口南,互助路口,一环顺沙巷口,一环路北三段,地铁人民北路站,一环五丁路口,一环白马寺街口,九里堤南路,地铁沙湾站,地铁沙湾站,地铁西南交大站,营门口北,二环蜀汉路口北,二环蜀汉路口,二环府南新区,二环战旗东路口,地铁西南财大站,金沙公交站,成都西站,谢家祠,二十一世纪花园,三环路苏坡立交桥东,三环路苏坡立交桥,苏坡立交桥西,西货站路口,日月大道光华北一路口,光华北三路口,中坝六组,成飞大道日月大道口,成飞大道,万花三路中,万花三路,地铁成都西站,成都西站,'}
参考票价：扫码 刷卡 投币 2元
成都公交集团运兴巴士有限公司
最后更新：2023-03-12
昭觉寺公交站—清波小区
清波小区—昭觉寺公交站
昭觉寺公交站,昭觉横路,地铁昭觉寺南路站,驷马桥,高笋塘路口北,二环路北三段,火车北站东,火车北站西,地铁北站西二路站,二环西南交大,地铁西南交大站,营门口北,二环蜀汉路口北,地铁蜀汉路东站,同友路口,同和路蜀汉路口,黄忠小区,金沙遗址东门,青羊大道双锦路口,清江西路口,清江西路中,清江西路,蜀鑫路,金福路,金福北路,清波小区,清波农贸市场,清百路青莲路口,清百路,清波小区,
清波小区,清百路青莲路口,清波农贸市场,金福北路,金福路,蜀鑫路,成都第一骨科医院,清江西路,清江西路中,清江西路口,青羊大道双锦路口,金沙遗址东门,府南新区,二环清溪西路口,二环磨底河,二环蜀汉路口,二环蜀汉路口北,营门口北,地铁西南交大站,二环西南交大,二环商贸大道口,火车北站公交站,火车北站东,二环路北三段,高笋塘路口北,昭觉寺公交站,驷马桥,地铁昭觉寺南路站,昭觉横路,昭觉寺公交站,
{'bus_name': '成都33路公交车路线', 'bus_type': '[干线公交]', 'bus_time': '运行时间：06:30-21:30', 'gongsi': '成都公交集团运兴巴士有限公司', 'gengxin': '最后更新：2023-03-12', 'wang_info': '昭觉寺公交站—清波小区', 'wang_buff': '昭觉寺公交站,昭觉横路,地铁昭觉寺南路站,驷马桥,高笋塘路口北,二环路北三段,火车北站东,火车北站西,地铁北站西二路站,二环西南交大,地铁西南交大站,营门口北,二环蜀汉路口北,地铁蜀汉路东站,同友路口,同和路蜀汉路口,黄忠小区,金沙遗址东门,青羊大道双锦路口,清江西路口,清江西路中,清江西路,蜀鑫路,金福路,金福北路,清波小区,清波农贸市场,清百路青莲路口,清百路,清波小区,', 'fan_info': '清波小区—昭觉寺公交站', 'fan_buff': '清波小区,清百路青莲路口,清波农贸市场,金福北路,金福路,蜀鑫路,成都第一骨科医院,清江西路,清江西路中,清江西路口,青羊大道双锦路口,金沙遗址东门,府南新区,二环清溪西路口,二环磨底河,二环蜀汉路口,二环蜀汉路口北,营门口北,地铁西南交大站,二环西南交大,二环商贸大道口,火车北站公交站,火车北站东,二环路北三段,高笋塘路口北,昭觉寺公交站,驷马桥,地铁昭觉寺南路站,昭觉横路,昭觉寺公交站,'}
参考票价：扫码 刷卡 投币 2元
成都公交集团运兴巴士有限公司
最后更新：2023-03-12
火车北站公交站—火车北站西
火车北站公交站,人民北路二段,地铁人民北路站,一环顺沙巷口,地铁梁家巷站,一环恒德路口,一环马鞍北路口,地铁前锋路站,电子科大沙河校区,地铁电子科大建设北路站,一环路建设路口南,地铁新鸿路站,一环双林路口,地铁玉双路站,水碾河,地铁牛王庙站,九眼桥北,九眼桥南,红瓦寺,城市音乐厅,磨子桥,九如村,一环小天东街口,地铁衣冠庙站,西南民族大学,火车北站西,地铁高升桥站,一环武侯祠大街口,一环菊乐路口,地铁省骨科医院站,百花潭公园,地铁青羊宫站,省医院,地铁中医大省医院站,青羊小区,地铁抚琴站,一环抚林巷口,西门车站,地铁花牌坊站,沙湾,地铁西北桥站,一环白马寺街口,一环五丁路口,人民北路,火车北站西,

{'bus_name': '成都34路公交车路线', 'bus_type': '[干线公交]', 'bus_time': '运行时间：05:45-21:50', 'gongsi': '成都公交集团运兴巴士有限公司', 'gengxin': '最后更新：2023-03-12', 'wang_info': '火车北站公交站—火车北站西', 'wang_buff': '火车北站公交站,人民北路二段,地铁人民北路站,一环顺沙巷口,地铁梁家巷站,一环恒德路口,一环马鞍北路口,地铁前锋路站,电子科大沙河校区,地铁电子科大建设北路站,一环路建设路口南,地铁新鸿路站,一环双林路口,地铁玉双路站,水碾河,地铁牛王庙站,九眼桥北,九眼桥南,红瓦寺,城市音乐厅,磨子桥,九如村,一环小天东街口,地铁衣冠庙站,西南民族大学,火车北站西,地铁高升桥站,一环武侯祠大街口,一环菊乐路口,地铁省骨科医院站,百花潭公园,地铁青羊宫站,省医院,地铁中医大省医院站,青羊小区,地铁抚琴站,一环抚林巷口,西门车站,地铁花牌坊站,沙湾,地铁西北桥站,一环白马寺街口,一环五丁路口,人民北路,火车北站西,', 'fan_info': None, 'fan_buff': ''}
https://chengdu.8684.cn//list4
参考票价：扫码 刷卡 投币 2元
成都公交集团运兴巴士有限公司
最后更新：2023-03-12
茶店子公交站—成都东客站(东广场)
成都东客站(东广场)—茶店子公交站
茶店子公交站,迎宾大道口,地铁迎宾大道站,天府艺术公园,金牛公园,茶店子,地铁茶店子站,五里村,营门口立交桥东,西门车站,花牌坊街,西月城街,八宝街,东城根下街北,羊市街口,总府路,大慈寺,东风大桥,东风路,水碾河,水碾河路,双桥子,双桂路,塔子山公园,五桂桥公交站,成都东客站(东广场),建材路口,迎晖路中,邛崃山路,成都东客站(东广场),
成都东客站(东广场),邛崃山路岷江路口,邛崃山路中,地铁迎晖路站,五桂桥公交站,塔子山公园,双桥子,水碾河路,水碾河,东风路,东风大桥,蜀都大道红星路口,总府路,东城根上街,商业街口,东城根下街北,八宝街,西月城街,花牌坊街,西门车站,营门口立交桥东,五里村,金牛公园,金牛立交南,茶店子公交站,
{'bus_name': '成都4路公交车路线', 'bus_type': '[干线公交]', 'bus_time': '运行时间：茶店子公交站06:00-22:05 成都东客站(东广场)06:25-22:00', 'gongsi': '成都公交集团运兴巴士有限公司', 'gengxin': '最后更新：2023-03-12', 'wang_info': '茶店子公交站—成都东客站(东广场)', 'wang_buff': '茶店子公交站,迎宾大道口,地铁迎宾大道站,天府艺术公园,金牛公园,茶店子,地铁茶店子站,五里村,营门口立交桥东,西门车站,花牌坊街,西月城街,八宝街,东城根下街北,羊市街口,总府路,大慈寺,东风大桥,东风路,水碾河,水碾河路,双桥子,双桂路,塔子山公园,五桂桥公交站,成都东客站(东广场),建材路口,迎晖路中,邛崃山路,成都东客站(东广场),', 'fan_info': '成都东客站(东广场)—茶店子公交站', 'fan_buff': '成都东客站(东广场),邛崃山路岷江路口,邛崃山路中,地铁迎晖路站,五桂桥公交站,塔子山公园,双桥子,水碾河路,水碾河,东风路,东风大桥,蜀都大道红星路口,总府路,东城根上街,商业街口,东城根下街北,八宝街,西月城街,花牌坊街,西门车站,营门口立交桥东,五里村,金牛公园,金牛立交南,茶店子公交站,'}
参考票价：扫码 刷卡 投币 2元
成都公交集团东星巴士有限公司
最后更新：2023-03-12
成都东客站(东广场)—大源公交站
大源公交站—成都东客站(东广场)
成都东客站(东广场),大渡河路东,锦绣大道岷江路口,地铁大观站,大观堰,赖家新桥路口,三环路航天立交桥东,驿都大道西,锦江大道北,锦江大道百日红路口,锦江大道牡丹街口,锦江大道栀子街口,锦江大道成龙大道口,幸福梅林,幸福村,成都金港赛道,高威公园北门,锦江大道锦瑞路口,锦江大道锦阳大道口,锦江大道琉新路口,锦江大道榕声路口,包江桥,锦江大道金石路口,锦江大道三色路口,府城大道东段,大源公交站(南华路),府城大道中段,府城大道益州大道口,府城大道一医院,剑南大道府城大道口,剑南大道北段,剑南大道锦城大道口,地铁锦城湖站(B口),剑南大道天府一街口,剑南大道盛邦街口,天府二街剑南大道口,天府二街西,南华路,大源公交站(南华路),
大源公交站,天府二街南华路口,天府二街西,剑南大道天府二街口,剑南大道盛邦街口,地铁锦城湖站,剑南大道锦城大道口,剑南大道锦尚西二路口,剑南大道北段中,府城大道剑南大道口,府城大道一医院,府城大道益州大道口,府城大道东段,府城大道科华南路口,锦江大道三色路口,锦江大道金石路口,包江桥,锦江大道榕声路口,锦江大道琉新路口,锦江大道锦阳大道口,高威公园北门,成都金港赛道,幸福村,幸福梅林,锦江大道栀子街口,成都东客站(东广场),锦江大道牡丹街口,锦江大道百日红路口,锦江大道北,驿都大道西,三环路航天立交桥东,赖家新桥路口,大观堰,地铁大观站,锦绣大道大渡河路口,锦绣大道岷江路口,锦绣大道白龙江路口,成都东客站(东广场),
{'bus_name': '成都40路公交车路线', 'bus_type': '[干线公交]', 'bus_time': '运行时间：06:30-22:00', 'gongsi': '成都公交集团东星巴士有限公司', 'gengxin': '最后更新：2023-03-12', 'wang_info': '成都东客站(东广场)—大源公交站', 'wang_buff': '成都东客站(东广场),大渡河路东,锦绣大道岷江路口,地铁大观站,大观堰,赖家新桥路口,三环路航天立交桥东,驿都大道西,锦江大道北,锦江大道百日红路口,锦江大道牡丹街口,锦江大道栀子街口,锦江大道成龙大道口,幸福梅林,幸福村,成都金港赛道,高威公园北门,锦江大道锦瑞路口,锦江大道锦阳大道口,锦江大道琉新路口,锦江大道榕声路口,包江桥,锦江大道金石路口,锦江大道三色路口,府城大道东段,大源公交站(南华路),府城大道中段,府城大道益州大道口,府城大道一医院,剑南大道府城大道口,剑南大道北段,剑南大道锦城大道口,地铁锦城湖站(B口),剑南大道天府一街口,剑南大道盛邦街口,天府二街剑南大道口,天府二街西,南华路,大源公交站(南华路),', 'fan_info': '大源公交站—成都东客站(东广场)', 'fan_buff': '大源公交站,天府二街南华路口,天府二街西,剑南大道天府二街口,剑南大道盛邦街口,地铁锦城湖站,剑南大道锦城大道口,剑南大道锦尚西二路口,剑南大道北段中,府城大道剑南大道口,府城大道一医院,府城大道益州大道口,府城大道东段,府城大道科华南路口,锦江大道三色路口,锦江大道金石路口,包江桥,锦江大道榕声路口,锦江大道琉新路口,锦江大道锦阳大道口,高威公园北门,成都金港赛道,幸福村,幸福梅林,锦江大道栀子街口,成都东客站(东广场),锦江大道牡丹街口,锦江大道百日红路口,锦江大道北,驿都大道西,三环路航天立交桥东,赖家新桥路口,大观堰,地铁大观站,锦绣大道大渡河路口,锦绣大道岷江路口,锦绣大道白龙江路口,成都东客站(东广场),'}
参考票价：扫码 刷卡 投币 2元
成都公交集团运兴巴士有限公司
最后更新：2023-03-12
地铁驷马桥站—吉福路
吉福路—地铁驷马桥站
地铁驷马桥站,驷马桥路中,驷马桥路,驷马桥路东,新风路北,八里小区,双建路,双建路中,双建路南,建设北路三段,厂北路口,建设路东,建设路中,建设路一环路口,地铁电子科大建设北路站,电子科大沙河校区,星辉东路东,星辉中路,星辉西路,文殊院(坊),武都路东,王爷庙,西体路,金仙桥,永陵公园,吉福路,西安中路,西安南路,中医附院,省医院,青羊宫,百花潭公园,地铁省骨科医院站,菊乐路东,周家桥,双楠路东,双楠路,双楠路西,逸都路东,逸都路,鹭岛路,吉福路,
吉福路,鹭岛路,逸都路,逸都路东,双楠路西,双楠路,双楠路东,周家桥,菊乐路东,地铁省骨科医院站,百花潭公园,省医院,中医附院,西安南路,西安中路,西安北路,永陵公园,金仙桥,西体路,王爷庙,文殊院(坊),星辉西路,星辉中路,星辉东路东,地铁红星桥站,地铁驷马桥站,建设北路一段,建设路一环路口,建设路中,建设路东,厂北路口,建设北路三段,双建路南,双建路中,双建路,八里小区,新风路,驷马桥路东,驷马桥路中,地铁驷马桥站,
{'bus_name': '成都42路公交车路线', 'bus_type': '[干线公交]', 'bus_time': '运行时间：地铁驷马桥站06:30-22:00 吉福路06:20-22:00', 'gongsi': '成都公交集团运兴巴士有限公司', 'gengxin': '最后更新：2023-03-12', 'wang_info': '地铁驷马桥站—吉福路', 'wang_buff': '地铁驷马桥站,驷马桥路中,驷马桥路,驷马桥路东,新风路北,八里小区,双建路,双建路中,双建路南,建设北路三段,厂北路口,建设路东,建设路中,建设路一环路口,地铁电子科大建设北路站,电子科大沙河校区,星辉东路东,星辉中路,星辉西路,文殊院(坊),武都路东,王爷庙,西体路,金仙桥,永陵公园,吉福路,西安中路,西安南路,中医附院,省医院,青羊宫,百花潭公园,地铁省骨科医院站,菊乐路东,周家桥,双楠路东,双楠路,双楠路西,逸都路东,逸都路,鹭岛路,吉福路,', 'fan_info': '吉福路—地铁驷马桥站', 'fan_buff': '吉福路,鹭岛路,逸都路,逸都路东,双楠路西,双楠路,双楠路东,周家桥,菊乐路东,地铁省骨科医院站,百花潭公园,省医院,中医附院,西安南路,西安中路,西安北路,永陵公园,金仙桥,西体路,王爷庙,文殊院(坊),星辉西路,星辉中路,星辉东路东,地铁红星桥站,地铁驷马桥站,建设北路一段,建设路一环路口,建设路中,建设路东,厂北路口,建设北路三段,双建路南,双建路中,双建路,八里小区,新风路,驷马桥路东,驷马桥路中,地铁驷马桥站,'}
参考票价：扫码 刷卡 投币 2元
成都公交集团北星巴士有限公司
最后更新：2023-03-12
西御街—侯家公交站
侯家公交站—西御街
西御街,人民公园,地铁通惠门站,地铁中医大省医院站,青羊小区,抚琴西路东,抚琴西路西,地铁蜀汉路东站,同友路口,地铁一品天下站,蜀兴西街西,蜀兴西街口,育德路,育苗南路,育仁公交站,迎宾大道口,金科东路,金科东路西,金科中路,金科中路口,地铁金科北路站,金泉路金周路口,全兴路,全兴路中,金粮路华都路口,侯家公交站,地铁侯家桥站,侯家公交站,侯家桥,侯家公交站,
侯家公交站,侯家桥,侯家公交站,地铁侯家桥站,金粮路华都路口,陈家桅街,全兴路中,全兴路,金泉路金周路口,地铁金科北路站,金科中路,金科东路西,金科东路,迎宾大道口,育仁公交站,育苗南路,育德路,蜀兴西街西,地铁一品天下站,蜀汉路同和路口,同友路口,地铁蜀汉路东站,抚琴西路西,抚琴西路,抚琴小区,西御街,青羊小区,地铁中医大省医院站,中医附院,通惠门,金河路,人民公园,西御街,
{'bus_name': '成都43路公交车路线', 'bus_type': '[干线公交]', 'bus_time': '运行时间：西御街06:40-22:30 侯家公交站06:00-21:30', 'gongsi': '成都公交集团北星巴士有限公司', 'gengxin': '最后更新：2023-03-12', 'wang_info': '西御街—侯家公交站', 'wang_buff': '西御街,人民公园,地铁通惠门站,地铁中医大省医院站,青羊小区,抚琴西路东,抚琴西路西,地铁蜀汉路东站,同友路口,地铁一品天下站,蜀兴西街西,蜀兴西街口,育德路,育苗南路,育仁公交站,迎宾大道口,金科东路,金科东路西,金科中路,金科中路口,地铁金科北路站,金泉路金周路口,全兴路,全兴路中,金粮路华都路口,侯家公交站,地铁侯家桥站,侯家公交站,侯家桥,侯家公交站,', 'fan_info': '侯家公交站—西御街', 'fan_buff': '侯家公交站,侯家桥,侯家公交站,地铁侯家桥站,金粮路华都路口,陈家桅街,全兴路中,全兴路,金泉路金周路口,地铁金科北路站,金科中路,金科东路西,金科东路,迎宾大道口,育仁公交站,育苗南路,育德路,蜀兴西街西,地铁一品天下站,蜀汉路同和路口,同友路口,地铁蜀汉路东站,抚琴西路西,抚琴西路,抚琴小区,西御街,青羊小区,地铁中医大省医院站,中医附院,通惠门,金河路,人民公园,西御街,'}
参考票价：扫码 刷卡 投币 2元
成都公交集团运兴巴士有限公司
最后更新：2023-03-12
同友路口—永宁镇
永宁镇—蜀蓉路公交站
同友路口,蜀汉路同和路口,蜀汉路,地铁羊犀立交站,羊犀立交东,羊犀立交西,蜀西路迎宾大道口,高家村,土龙路蜀西路口,土龙路碧林街口,土龙路淳清路口,金辉路土龙路口,金辉路景观路口,西源大道新业路口,西源大道新航路口,成都锦城学院,西源大道口,芙蓉大道四段东,芙蓉大道清水河中桥,芙蓉大道天王村,芙蓉大道开金路口,芙蓉大道中,成都医学城三医创新中心,芙蓉大道八一路口,省八一康复中心,永宁镇,永福街西,永福街中,永宁镇,
永宁镇,永福街中,永福街西,省八一康复中心,芙蓉大道八一路口,成都医学城三医创新中心,芙蓉大道中,芙蓉大道开金路口,芙蓉大道天王村,芙蓉大道清水河中桥,芙蓉大道四段东,西源大道口,成都锦城学院,西源大道新航路口,高新西区公交站,金辉路景观路口,金辉路土龙路口,土龙路淳清路口,土龙路碧林街口,土龙路汇川街口,蜀西路土龙路口,土桥村,高家村,蜀西路迎宾大道口,羊犀立交西,蜀蓉路公交站,羊犀立交东,地铁羊犀立交站,蜀汉路,地铁一品天下站,蜀蓉路公交站,
{'bus_name': '成都44路公交车路线', 'bus_type': '[干线公交]', 'bus_time': '运行时间：06:30-20:30', 'gongsi': '成都公交集团运兴巴士有限公司', 'gengxin': '最后更新：2023-03-12', 'wang_info': '同友路口—永宁镇', 'wang_buff': '同友路口,蜀汉路同和路口,蜀汉路,地铁羊犀立交站,羊犀立交东,羊犀立交西,蜀西路迎宾大道口,高家村,土龙路蜀西路口,土龙路碧林街口,土龙路淳清路口,金辉路土龙路口,金辉路景观路口,西源大道新业路口,西源大道新航路口,成都锦城学院,西源大道口,芙蓉大道四段东,芙蓉大道清水河中桥,芙蓉大道天王村,芙蓉大道开金路口,芙蓉大道中,成都医学城三医创新中心,芙蓉大道八一路口,省八一康复中心,永宁镇,永福街西,永福街中,永宁镇,', 'fan_info': '永宁镇—蜀蓉路公交站', 'fan_buff': '永宁镇,永福街中,永福街西,省八一康复中心,芙蓉大道八一路口,成都医学城三医创新中心,芙蓉大道中,芙蓉大道开金路口,芙蓉大道天王村,芙蓉大道清水河中桥,芙蓉大道四段东,西源大道口,成都锦城学院,西源大道新航路口,高新西区公交站,金辉路景观路口,金辉路土龙路口,土龙路淳清路口,土龙路碧林街口,土龙路汇川街口,蜀西路土龙路口,土桥村,高家村,蜀西路迎宾大道口,羊犀立交西,蜀蓉路公交站,羊犀立交东,地铁羊犀立交站,蜀汉路,地铁一品天下站,蜀蓉路公交站,'}
参考票价：扫码 刷卡 投币 2元
成都公交集团东星巴士有限公司
最后更新：2023-03-12
吉顺街—红光路
红光路—吉顺街
吉顺街,胜利桥街,晋吉北路南,晋吉南路,晋吉南路南,武侯大道太平巷口,太平村,地铁武侯大道站,双丰路,武侯大道口,二环武侯大道口,红牌楼西,红牌楼,广福桥街口,高升桥东路,肖家河,高升桥东路北,西南民族大学,地铁衣冠庙站,小天东街,小天北街,小天小区,电信路南,电信路华西医院,国学巷,红光路,华西坝,锦江宾馆,天府广场南,天府广场东,太升南路,太升路口,太升北路,星辉东路,地铁红星桥站,建设北路一段,建设路一环路口,建设路中,建设路东,二环建设路口,建设南三路,红光路,
红光路,二环建设南路口,二环东二段南,建设路东,建设路中,建设路一环路口,地铁电子科大建设北路站,电子科大沙河校区,星辉东路东,星辉东路,太升北路,太升路口,太升南路,总府路,盐市口,大业路,锦江宾馆,华西坝(华西口腔医院),华西第二、第四医院,地铁省体育馆站,九如村,一环小天东街口,地铁衣冠庙站,西南民族大学,高升桥东路北,吉顺街,肖家河,广福桥街,广福桥街口,红牌楼,武侯大道口,双丰路,地铁武侯大道站,太平村,吉顺街,
{'bus_name': '成都45路公交车路线', 'bus_type': '[干线公交]', 'bus_time': '运行时间：06:30-22:30', 'gongsi': '成都公交集团东星巴士有限公司', 'gengxin': '最后更新：2023-03-12', 'wang_info': '吉顺街—红光路', 'wang_buff': '吉顺街,胜利桥街,晋吉北路南,晋吉南路,晋吉南路南,武侯大道太平巷口,太平村,地铁武侯大道站,双丰路,武侯大道口,二环武侯大道口,红牌楼西,红牌楼,广福桥街口,高升桥东路,肖家河,高升桥东路北,西南民族大学,地铁衣冠庙站,小天东街,小天北街,小天小区,电信路南,电信路华西医院,国学巷,红光路,华西坝,锦江宾馆,天府广场南,天府广场东,太升南路,太升路口,太升北路,星辉东路,地铁红星桥站,建设北路一段,建设路一环路口,建设路中,建设路东,二环建设路口,建设南三路,红光路,', 'fan_info': '红光路—吉顺街', 'fan_buff': '红光路,二环建设南路口,二环东二段南,建设路东,建设路中,建设路一环路口,地铁电子科大建设北路站,电子科大沙河校区,星辉东路东,星辉东路,太升北路,太升路口,太升南路,总府路,盐市口,大业路,锦江宾馆,华西坝(华西口腔医院),华西第二、第四医院,地铁省体育馆站,九如村,一环小天东街口,地铁衣冠庙站,西南民族大学,高升桥东路北,吉顺街,肖家河,广福桥街,广福桥街口,红牌楼,武侯大道口,双丰路,地铁武侯大道站,太平村,吉顺街,'}
https://chengdu.8684.cn//list5
参考票价：扫码 刷卡 投币 2元
成都公交集团运兴巴士有限公司
最后更新：2023-03-12
十陵公交站—金沙公交站
金沙公交站—十陵公交站
十陵公交站,十陵公交站,东三环路三段,来龙桥,十陵立交北,成洛路东虹路口,槐树店,地铁槐树店站,槐树店路,多宝寺,双庆路口,联合小区,万年场,双林路东,新华公园,双林路一环路口西,游泳池,红星路口东,玉沙路,德盛路,文武路东,人民中路二段,青龙街三医院,东城根下街北,商业街口,金沙公交站,人民公园,通惠门,中医附院,清江东路,地铁草堂北路站,成温立交桥,地铁西南财大站,金沙公交站,
金沙公交站,双清南路,地铁西南财大站,成温立交桥,地铁草堂北路站,清江东路,中医附院,通惠门,金河路,人民公园,商业街口,东城根下街北,青龙街三医院,人民中路二段,德盛路,太升路口,玉沙路,红星路口西,游泳池,猛追湾街口,双林路一环路口东,新华公园,双林路东,万年场,联合小区,十陵公交站,双庆路口,多宝寺,槐树店路,地铁槐树店站,槐树店,十陵立交西,东三环路三段,十陵公交站,
{'bus_name': '成都5路公交车路线', 'bus_type': '[干线公交]', 'bus_time': '运行时间：06:00-23:00', 'gongsi': '成都公交集团运兴巴士有限公司', 'gengxin': '最后更新：2023-03-12', 'wang_info': '十陵公交站—金沙公交站', 'wang_buff': '十陵公交站,十陵公交站,东三环路三段,来龙桥,十陵立交北,成洛路东虹路口,槐树店,地铁槐树店站,槐树店路,多宝寺,双庆路口,联合小区,万年场,双林路东,新华公园,双林路一环路口西,游泳池,红星路口东,玉沙路,德盛路,文武路东,人民中路二段,青龙街三医院,东城根下街北,商业街口,金沙公交站,人民公园,通惠门,中医附院,清江东路,地铁草堂北路站,成温立交桥,地铁西南财大站,金沙公交站,', 'fan_info': '金沙公交站—十陵公交站', 'fan_buff': '金沙公交站,双清南路,地铁西南财大站,成温立交桥,地铁草堂北路站,清江东路,中医附院,通惠门,金河路,人民公园,商业街口,东城根下街北,青龙街三医院,人民中路二段,德盛路,太升路口,玉沙路,红星路口西,游泳池,猛追湾街口,双林路一环路口东,新华公园,双林路东,万年场,联合小区,十陵公交站,双庆路口,多宝寺,槐树店路,地铁槐树店站,槐树店,十陵立交西,东三环路三段,十陵公交站,'}
参考票价：扫码 刷卡 投币 2元
成都公交集团星辰巴士有限公司
最后更新：2023-03-12
成都东客站(东广场)—大源村
昆华公交站—成都东客站(东广场)
成都东客站(东广场),地铁成渝立交站,江安河路口,岷江路口,惠王陵西路口,航天立交北,航天立交南,海桐街口,海棠路口,娇子立交北,娇子立交南,金像寺路口,锦江体育公园,经天东路口,城东客运中心,琉璃立交东,琉璃立交西,锦江工业园,桂溪立交东,桂溪立交西,天府立交东,天府大道天晖中路口,天府大道府城大道口,交子公园,地铁孵化园站,大源村,天府大道世纪城路口南,地铁世纪城站,天府大道天府二街口,天府三街,天府四街天府大道口,天府四街东,益州大道天府四街口,天府三街益州大道口,民乐村,天府三街剑南大道口,铜牌村,南华路天府三街口,天府二街南华路口,大源村,
昆华公交站,大源村,南华路,天府三街南华路口,铜牌村,天府三街剑南大道口,民乐村,益州大道天府三街口,天府四街益州大道口,天府四街东,天府软件园(天府大道),地铁天府三街站,天府大道天府二街口,地铁世纪城站,天府大道世纪城路口北,天府大道锦城大道口,交子公园,天府大道府城大道口,天府大道天顺中街口,天府立交东,桂溪立交西,桂溪立交东,锦江工业园,琉璃立交西,琉璃立交东,成都东客站(东广场),城东客运中心,皇经楼路口,锦瑞路口,锦江立交,棣棠路口,娇子立交南,娇子立交北,海棠路口,百日红西路口,航天立交,航天立交北,惠王陵西路口,祥和街口,地铁成渝立交站,万科魅力之城,成渝立交南,金马河路口,成都东客站(东广场),
{'bus_name': '成都50路公交车路线', 'bus_type': '[干线公交]', 'bus_time': '运行时间：成都东客站(东广场)06:00-21:30 昆华公交站06:10-22:00', 'gongsi': '成都公交集团星辰巴士有限公司', 'gengxin': '最后更新：2023-03-12', 'wang_info': '成都东客站(东广场)—大源村', 'wang_buff': '成都东客站(东广场),地铁成渝立交站,江安河路口,岷江路口,惠王陵西路口,航天立交北,航天立交南,海桐街口,海棠路口,娇子立交北,娇子立交南,金像寺路口,锦江体育公园,经天东路口,城东客运中心,琉璃立交东,琉璃立交西,锦江工业园,桂溪立交东,桂溪立交西,天府立交东,天府大道天晖中路口,天府大道府城大道口,交子公园,地铁孵化园站,大源村,天府大道世纪城路口南,地铁世纪城站,天府大道天府二街口,天府三街,天府四街天府大道口,天府四街东,益州大道天府四街口,天府三街益州大道口,民乐村,天府三街剑南大道口,铜牌村,南华路天府三街口,天府二街南华路口,大源村,', 'fan_info': '昆华公交站—成都东客站(东广场)', 'fan_buff': '昆华公交站,大源村,南华路,天府三街南华路口,铜牌村,天府三街剑南大道口,民乐村,益州大道天府三街口,天府四街益州大道口,天府四街东,天府软件园(天府大道),地铁天府三街站,天府大道天府二街口,地铁世纪城站,天府大道世纪城路口北,天府大道锦城大道口,交子公园,天府大道府城大道口,天府大道天顺中街口,天府立交东,桂溪立交西,桂溪立交东,锦江工业园,琉璃立交西,琉璃立交东,成都东客站(东广场),城东客运中心,皇经楼路口,锦瑞路口,锦江立交,棣棠路口,娇子立交南,娇子立交北,海棠路口,百日红西路口,航天立交,航天立交北,惠王陵西路口,祥和街口,地铁成渝立交站,万科魅力之城,成渝立交南,金马河路口,成都东客站(东广场),'}
参考票价：扫码 刷卡 投币 2元
成都公交集团东星巴士有限公司
最后更新：2023-03-12
成都公交停保基地—西安南路北
西安南路北—成都公交停保基地
成都公交停保基地,棣棠路,娇子立交南,水杉街西,蓝谷地,国槐街成龙大道口,川师南大门,地铁四川师大站,成龙路沙河大桥,地铁净居寺站,净居寺二环路口,莲桂南路,莲花一区,海椒市,牛市口,陈家巷,牛王庙,芷泉街,东门大桥,春熙路步行街南,盐市口,金河路,同仁路口,西安南路,西安中路,
西安中路,实业街西安路口,实业街,宽窄巷子,人民公园,西御街,东御街,盐市口,春熙路步行街南,义学巷口,芷泉街,牛王庙,陈家巷,海椒市,莲花一区,莲桂南路,净居寺二环路口,地铁净居寺站,成龙路沙河大桥,成龙路,川师南大门,国槐街成龙大道口,蓝谷地,水杉街西,三环路娇子立交桥西,成都公交停保基地,三环路娇子立交桥,成都公交停保基地,
{'bus_name': '成都51路公交车路线', 'bus_type': '[干线公交]', 'bus_time': '运行时间：成都公交停保基地06:00-22:00 西安中路07:10-23:10', 'gongsi': '成都公交集团东星巴士有限公司', 'gengxin': '最后更新：2023-03-12', 'wang_info': '成都公交停保基地—西安南路北', 'wang_buff': '成都公交停保基地,棣棠路,娇子立交南,水杉街西,蓝谷地,国槐街成龙大道口,川师南大门,地铁四川师大站,成龙路沙河大桥,地铁净居寺站,净居寺二环路口,莲桂南路,莲花一区,海椒市,牛市口,陈家巷,牛王庙,芷泉街,东门大桥,春熙路步行街南,盐市口,金河路,同仁路口,西安南路,西安中路,', 'fan_info': '西安南路北—成都公交停保基地', 'fan_buff': '西安中路,实业街西安路口,实业街,宽窄巷子,人民公园,西御街,东御街,盐市口,春熙路步行街南,义学巷口,芷泉街,牛王庙,陈家巷,海椒市,莲花一区,莲桂南路,净居寺二环路口,地铁净居寺站,成龙路沙河大桥,成龙路,川师南大门,国槐街成龙大道口,蓝谷地,水杉街西,三环路娇子立交桥西,成都公交停保基地,三环路娇子立交桥,成都公交停保基地,'}
参考票价：扫码 刷卡 投币 2元
成都公交集团运兴巴士有限公司
最后更新：2023-03-12
昭觉寺公交站—潮音公交站
潮音公交站—昭觉寺公交站
昭觉寺公交站,昭觉横路,地铁昭觉寺南路站,驷马桥,高笋塘路口北,高笋塘路口东,地铁李家沱站,李家沱公交宿舍,三友路南,马鞍北路,曹家巷,太升北路,太升路口,太升南路,总府路,小南街北,小南街南,大石东路,地铁省骨科医院站,菊乐路东,周家桥,双楠路东,双楠路,双楠路西,武侯大道口,潮音公交站,双丰路,地铁武侯大道站,太平村,晋吉南路,吉福路,地铁龙爪堰站,晋阳路东,五大花园,阳公桥,地铁机投桥站(D口),潮音大道北,潮音大道,武青东四路,武青西四路武青南路口,西部智谷公交站,业兴北路南,潮音公交站,
潮音公交站,业兴北路南,武兴五路,武青西四路,武青南路武青东四路口,武青南路武青西二路口,武青南路永康路口,地铁机投桥站(C口),晋吉北路北,晋吉北路,晋吉南路,晋吉南路南,武侯大道太平巷口,太平村,地铁武侯大道站,双丰路,武侯大道口,双楠路西,双楠路,双楠路东,周家桥,菊乐路东,地铁省骨科医院站,大石东路东,小南街南,昭觉寺公交站,人民公园,人民公园,天府广场东,太升南路,太升路口,太升北路,曹家巷,马鞍北路,三友路南,李家沱公交宿舍,地铁李家沱站,高笋塘路口北,驷马桥,地铁昭觉寺南路站,昭觉横路,昭觉寺公交站,
{'bus_name': '成都53路公交车路线', 'bus_type': '[干线公交]', 'bus_time': '运行时间：06:20-22:00', 'gongsi': '成都公交集团运兴巴士有限公司', 'gengxin': '最后更新：2023-03-12', 'wang_info': '昭觉寺公交站—潮音公交站', 'wang_buff': '昭觉寺公交站,昭觉横路,地铁昭觉寺南路站,驷马桥,高笋塘路口北,高笋塘路口东,地铁李家沱站,李家沱公交宿舍,三友路南,马鞍北路,曹家巷,太升北路,太升路口,太升南路,总府路,小南街北,小南街南,大石东路,地铁省骨科医院站,菊乐路东,周家桥,双楠路东,双楠路,双楠路西,武侯大道口,潮音公交站,双丰路,地铁武侯大道站,太平村,晋吉南路,吉福路,地铁龙爪堰站,晋阳路东,五大花园,阳公桥,地铁机投桥站(D口),潮音大道北,潮音大道,武青东四路,武青西四路武青南路口,西部智谷公交站,业兴北路南,潮音公交站,', 'fan_info': '潮音公交站—昭觉寺公交站', 'fan_buff': '潮音公交站,业兴北路南,武兴五路,武青西四路,武青南路武青东四路口,武青南路武青西二路口,武青南路永康路口,地铁机投桥站(C口),晋吉北路北,晋吉北路,晋吉南路,晋吉南路南,武侯大道太平巷口,太平村,地铁武侯大道站,双丰路,武侯大道口,双楠路西,双楠路,双楠路东,周家桥,菊乐路东,地铁省骨科医院站,大石东路东,小南街南,昭觉寺公交站,人民公园,人民公园,天府广场东,太升南路,太升路口,太升北路,曹家巷,马鞍北路,三友路南,李家沱公交宿舍,地铁李家沱站,高笋塘路口北,驷马桥,地铁昭觉寺南路站,昭觉横路,昭觉寺公交站,'}
参考票价：扫码 刷卡 投币 2元
成都公交集团北星巴士有限公司
最后更新：2023-03-12
火车北站公交站—成都西站
成都西站公交枢纽站—火车北站公交站(公交路)
火车北站公交站,北站西一巷口,人民北路二段,地铁人民北路站,白马寺,北较场西路,万和路,东城根下街北,东门街,槐树街东,槐树街西,永陵路东,抚琴西路东,抚琴西路西,地铁蜀汉路东站,同友路口,蜀汉路同和路口,蜀汉路,地铁羊犀立交站,羊犀立交西,蜀西路迎宾大道口,高家村,黄金路北,黄金路中,清水四组,成都西站,清水六组,黄金路南,清河二支路口,地铁成都西站(E口),地铁成都西站(A口),成都西站,
成都西站公交枢纽站,地铁成都西站,武青北路,黄金路南,清水六组,清水四组,黄金路中,黄金路北,高家村,蜀西路,蜀西路迎宾大道口,羊犀立交西,地铁羊犀立交站,蜀汉路,蜀汉路同和路口,同友路口,地铁蜀汉路东站,抚琴西路西,抚琴西路,永陵路西,槐树街西,槐树街东,东门街,东城根下街北,万和路,火车北站公交站(公交路),北较场西路,五丁桥,白马寺,人民北路,火车北站公交站(公交路),
{'bus_name': '成都54路公交车路线', 'bus_type': '[干线公交]', 'bus_time': '运行时间：火车北站公交站06:00-23:30 成都西站公交枢纽站06:00-23:00', 'gongsi': '成都公交集团北星巴士有限公司', 'gengxin': '最后更新：2023-03-12', 'wang_info': '火车北站公交站—成都西站', 'wang_buff': '火车北站公交站,北站西一巷口,人民北路二段,地铁人民北路站,白马寺,北较场西路,万和路,东城根下街北,东门街,槐树街东,槐树街西,永陵路东,抚琴西路东,抚琴西路西,地铁蜀汉路东站,同友路口,蜀汉路同和路口,蜀汉路,地铁羊犀立交站,羊犀立交西,蜀西路迎宾大道口,高家村,黄金路北,黄金路中,清水四组,成都西站,清水六组,黄金路南,清河二支路口,地铁成都西站(E口),地铁成都西站(A口),成都西站,', 'fan_info': '成都西站公交枢纽站—火车北站公交站(公交路)', 'fan_buff': '成都西站公交枢纽站,地铁成都西站,武青北路,黄金路南,清水六组,清水四组,黄金路中,黄金路北,高家村,蜀西路,蜀西路迎宾大道口,羊犀立交西,地铁羊犀立交站,蜀汉路,蜀汉路同和路口,同友路口,地铁蜀汉路东站,抚琴西路西,抚琴西路,永陵路西,槐树街西,槐树街东,东门街,东城根下街北,万和路,火车北站公交站(公交路),北较场西路,五丁桥,白马寺,人民北路,火车北站公交站(公交路),'}
参考票价：扫码 刷卡 投币 2元
成都公交集团星辰巴士有限公司
最后更新：2023-03-12
韦家碾公交站—国防乐园
国防乐园—韦家碾公交站
韦家碾公交站,地铁韦家碾站,成都铁中梧桐校区,韦家碾三路东,韦家碾三路西,王贾东二街,王贾桥,五块石路,五块石路站北北街口,五块石电器市场,五块石,五块石客运站,站北路,豆腐堰,火车北站东,北站西一巷口,地铁人民北路站,人民北路一段,人民北路一段南,文殊院(坊),顺城大街北,市青少年宫,顺城大街南,盐市口,春熙路步行街南,国防乐园,红星路四段,地铁新南门站,磨子桥,磨子村,章灵寺,科华中路,桂溪公交站,科华中路南,火车南站东路口,地铁三瓦窑站,濯锦北路,科华南路府城大道口,府城大道东段,府城大道中段,府城大道益州大道口,府城大道一医院,府城大道剑南大道口,国防乐园,
国防乐园,府城大道剑南大道口,府城大道一医院,府城大道益州大道口,府城大道科华南路口,科华南路府城大道口,濯锦北路,地铁三瓦窑站,火车南站东路口,科华中路南,桂溪公交站,科华路二环路口,地铁川大望江校区站,磨子村,磨子桥,地铁新南门站,红星路四段,春熙路步行街南,盐市口,顺城大街南,市青少年宫,骡马市,人民中路二段,文殊院(坊),万福桥,韦家碾公交站,人民北路一段南,人民北路一段,肖家村二巷口,火车北站公交站,荷花池,豆腐堰,站北路,五块石客运站,五块石,五块石电器市场,五块石路站北北街口,五块石路,王贾桥,王贾东二街,八里桥路北,韦家碾三路西,韦家碾三路东,韦家碾公交站,
{'bus_name': '成都55路公交车路线', 'bus_type': '[干线公交]', 'bus_time': '运行时间：06:00-23:00', 'gongsi': '成都公交集团星辰巴士有限公司', 'gengxin': '最后更新：2023-03-12', 'wang_info': '韦家碾公交站—国防乐园', 'wang_buff': '韦家碾公交站,地铁韦家碾站,成都铁中梧桐校区,韦家碾三路东,韦家碾三路西,王贾东二街,王贾桥,五块石路,五块石路站北北街口,五块石电器市场,五块石,五块石客运站,站北路,豆腐堰,火车北站东,北站西一巷口,地铁人民北路站,人民北路一段,人民北路一段南,文殊院(坊),顺城大街北,市青少年宫,顺城大街南,盐市口,春熙路步行街南,国防乐园,红星路四段,地铁新南门站,磨子桥,磨子村,章灵寺,科华中路,桂溪公交站,科华中路南,火车南站东路口,地铁三瓦窑站,濯锦北路,科华南路府城大道口,府城大道东段,府城大道中段,府城大道益州大道口,府城大道一医院,府城大道剑南大道口,国防乐园,', 'fan_info': '国防乐园—韦家碾公交站', 'fan_buff': '国防乐园,府城大道剑南大道口,府城大道一医院,府城大道益州大道口,府城大道科华南路口,科华南路府城大道口,濯锦北路,地铁三瓦窑站,火车南站东路口,科华中路南,桂溪公交站,科华路二环路口,地铁川大望江校区站,磨子村,磨子桥,地铁新南门站,红星路四段,春熙路步行街南,盐市口,顺城大街南,市青少年宫,骡马市,人民中路二段,文殊院(坊),万福桥,韦家碾公交站,人民北路一段南,人民北路一段,肖家村二巷口,火车北站公交站,荷花池,豆腐堰,站北路,五块石客运站,五块石,五块石电器市场,五块石路站北北街口,五块石路,王贾桥,王贾东二街,八里桥路北,韦家碾三路西,韦家碾三路东,韦家碾公交站,'}
https://chengdu.8684.cn//list6
参考票价：扫码 刷卡 投币 2元
成都公交集团东星巴士有限公司
最后更新：2023-03-12
仙韵二路—聚荟路
聚荟路—仙韵二路
仙韵二路,二仙桥北路,地铁二仙桥站,建设北路三段东,建设北路三段,厂北路口,二环建设北路口,建设路东,建设路中,建设路西,猛追湾街,游泳池,红星路口东,地铁市二医院站,红星路四段,地铁新南门站,林荫中街,林荫街,金陵横路,电信南街,地铁衣冠庙站,西南民族大学,地铁高升桥站,高升桥,七道堰,聚荟街,大石南路菊乐路口,周家桥,双楠路东,双楠路,双楠路西,武侯大道口,双丰路,地铁武侯大道站,太平村,三环路武侯立交桥东,三环路武侯立交桥西,顺江村,聚福路,聚龙路口,聚龙路,聚荟街,
聚荟街,万兴路,聚龙路口,聚福路南,聚福路,顺江村,地铁武侯立交站,太平村,地铁武侯大道站,双丰路,武侯大道口,双楠路西,双楠路,双楠路东,周家桥,菊乐路东,地铁高升桥站,西南民族大学,地铁衣冠庙站(C口),洗面桥街,电信南街,电信路南,电信路华西医院,国学巷,小天竺街东,仙韵二路,大学路,地铁新南门站,红星路四段,地铁市二医院站,红星路口东,游泳池,天府熊猫塔,猛追湾东街口,建设路西,建设路中,建设路东,二环建设路口,厂北路口,建设北路三段,建设北路三段东,二仙桥西路,民兴四路,仙韵二路,
{'bus_name': '成都6路公交车路线', 'bus_type': '[干线公交]', 'bus_time': '运行时间：06:30-22:30', 'gongsi': '成都公交集团东星巴士有限公司', 'gengxin': '最后更新：2023-03-12', 'wang_info': '仙韵二路—聚荟路', 'wang_buff': '仙韵二路,二仙桥北路,地铁二仙桥站,建设北路三段东,建设北路三段,厂北路口,二环建设北路口,建设路东,建设路中,建设路西,猛追湾街,游泳池,红星路口东,地铁市二医院站,红星路四段,地铁新南门站,林荫中街,林荫街,金陵横路,电信南街,地铁衣冠庙站,西南民族大学,地铁高升桥站,高升桥,七道堰,聚荟街,大石南路菊乐路口,周家桥,双楠路东,双楠路,双楠路西,武侯大道口,双丰路,地铁武侯大道站,太平村,三环路武侯立交桥东,三环路武侯立交桥西,顺江村,聚福路,聚龙路口,聚龙路,聚荟街,', 'fan_info': '聚荟路—仙韵二路', 'fan_buff': '聚荟街,万兴路,聚龙路口,聚福路南,聚福路,顺江村,地铁武侯立交站,太平村,地铁武侯大道站,双丰路,武侯大道口,双楠路西,双楠路,双楠路东,周家桥,菊乐路东,地铁高升桥站,西南民族大学,地铁衣冠庙站(C口),洗面桥街,电信南街,电信路南,电信路华西医院,国学巷,小天竺街东,仙韵二路,大学路,地铁新南门站,红星路四段,地铁市二医院站,红星路口东,游泳池,天府熊猫塔,猛追湾东街口,建设路西,建设路中,建设路东,二环建设路口,厂北路口,建设北路三段,建设北路三段东,二仙桥西路,民兴四路,仙韵二路,'}
参考票价：扫码 刷卡 投币 2元
成都公交集团北星巴士有限公司
最后更新：2023-03-12
十陵公交站—二台子
二台子—十陵公交站
十陵公交站,成南立交北,朱家岭二路口,成致路口,航天路口,龙潭立交南,龙潭立交,龙潭路,龙潭寺,北湖公交站,同乐西一巷口,龙青路熊猫大道口,北湖生态公园,北湖生态公园西,蜀龙路箭竹路口,蜀龙路熊猫大道口,回龙社区,保利198公园,二台子蜀龙路口,二台子小区,
二台子小区,二台子蜀龙路口,保利198公园,回龙社区,蜀龙路箭竹路口,北湖生态公园西,北湖生态公园,龙青路熊猫大道口,同乐西一巷口,北湖公交站,龙潭寺,龙潭路,龙潭立交东,龙潭立交南,向龙一路口,民兴路口,朱家岭二路口,成南立交北,十陵公交站,东三环路三段,东三环路三段,十陵公交站,
{'bus_name': '成都60路公交车路线', 'bus_type': '[干线公交]', 'bus_time': '运行时间：十陵公交站06:30-22:00 二台子小区06:30-21:30', 'gongsi': '成都公交集团北星巴士有限公司', 'gengxin': '最后更新：2023-03-12', 'wang_info': '十陵公交站—二台子', 'wang_buff': '十陵公交站,成南立交北,朱家岭二路口,成致路口,航天路口,龙潭立交南,龙潭立交,龙潭路,龙潭寺,北湖公交站,同乐西一巷口,龙青路熊猫大道口,北湖生态公园,北湖生态公园西,蜀龙路箭竹路口,蜀龙路熊猫大道口,回龙社区,保利198公园,二台子蜀龙路口,二台子小区,', 'fan_info': '二台子—十陵公交站', 'fan_buff': '二台子小区,二台子蜀龙路口,保利198公园,回龙社区,蜀龙路箭竹路口,北湖生态公园西,北湖生态公园,龙青路熊猫大道口,同乐西一巷口,北湖公交站,龙潭寺,龙潭路,龙潭立交东,龙潭立交南,向龙一路口,民兴路口,朱家岭二路口,成南立交北,十陵公交站,东三环路三段,东三环路三段,十陵公交站,'}
参考票价：扫码 刷卡 投币 2元
成都公交集团星辰巴士有限公司
最后更新：2023-03-12
石羊场公交站—锦绣东方小区
锦绣东方小区—石羊场公交站
石羊场公交站,国防乐园,剑南大道府城大道口,剑南大道和硕西街口,三环路石羊立交桥北,机场路口,紫薇东路西,紫荆南路,紫荆东路西,紫荆东路东,桐梓林小区,新光路二环路口,玉林南路,芳草东街口,玉林中路,玉林北路,小天北街,小天小区,电信路南,电信路华西医院,国学巷,华西坝,锦江宾馆,天府广场南,天府广场东,锦绣东方小区,顺城大街南,市青少年宫,德盛路,太升路口,红星路口西,红星路一段,地铁红星桥站,石油路口,建设路西,建设路一环路口,建设南新路,建设南新路南,新鸿路,麻石桥,杉板桥南三路北,杉板桥南三路中,锦绣东方小区,
锦绣东方小区,二环双林北支路口,麻石桥,新鸿路,建设南新路中,建设南新路,建设路一环路口,建设路西,猛追湾街,天府熊猫塔,游泳池,红星路口东,红星路口西,玉沙路,锣锅巷,市青少年宫,顺城大街南,天府广场南,锦江宾馆,华西坝(华西口腔医院),华西第二、第四医院,华西医院第二门诊部,小天小区,小天北街,玉林北路,石羊场公交站,玉林中路,芳草东街口,玉林南路,新光路二环路口,紫竹北街,紫荆北路,紫荆南路,地铁神仙树站(E口),机场路口,三环路石羊立交桥北,剑南大道和硕西街口,府城大道剑南大道口,国防乐园,新园大道,石羊场公交站,
{'bus_name': '成都61路公交车路线', 'bus_type': '[干线公交]', 'bus_time': '运行时间：06:00-22:30', 'gongsi': '成都公交集团星辰巴士有限公司', 'gengxin': '最后更新：2023-03-12', 'wang_info': '石羊场公交站—锦绣东方小区', 'wang_buff': '石羊场公交站,国防乐园,剑南大道府城大道口,剑南大道和硕西街口,三环路石羊立交桥北,机场路口,紫薇东路西,紫荆南路,紫荆东路西,紫荆东路东,桐梓林小区,新光路二环路口,玉林南路,芳草东街口,玉林中路,玉林北路,小天北街,小天小区,电信路南,电信路华西医院,国学巷,华西坝,锦江宾馆,天府广场南,天府广场东,锦绣东方小区,顺城大街南,市青少年宫,德盛路,太升路口,红星路口西,红星路一段,地铁红星桥站,石油路口,建设路西,建设路一环路口,建设南新路,建设南新路南,新鸿路,麻石桥,杉板桥南三路北,杉板桥南三路中,锦绣东方小区,', 'fan_info': '锦绣东方小区—石羊场公交站', 'fan_buff': '锦绣东方小区,二环双林北支路口,麻石桥,新鸿路,建设南新路中,建设南新路,建设路一环路口,建设路西,猛追湾街,天府熊猫塔,游泳池,红星路口东,红星路口西,玉沙路,锣锅巷,市青少年宫,顺城大街南,天府广场南,锦江宾馆,华西坝(华西口腔医院),华西第二、第四医院,华西医院第二门诊部,小天小区,小天北街,玉林北路,石羊场公交站,玉林中路,芳草东街口,玉林南路,新光路二环路口,紫竹北街,紫荆北路,紫荆南路,地铁神仙树站(E口),机场路口,三环路石羊立交桥北,剑南大道和硕西街口,府城大道剑南大道口,国防乐园,新园大道,石羊场公交站,'}
参考票价：扫码 刷卡 投币 2元
成都公交集团北星巴士有限公司
最后更新：2023-03-12
侯家公交站—桂溪公交站
桂溪公交站—侯家公交站
侯家公交站,盛发街,盛发街东,侯家小区路口,金芙蓉大道南,土桥,金泉路,金牛宾馆,天府艺术公园,金牛公园,茶店子,地铁茶店子站,五里村,营门口立交桥东,西门车站,花牌坊街,西月城街,长顺下街,长顺中街,宽窄巷子,人民公园,东御街,锦兴路西,锦兴路东,地铁新南门站,桂溪公交站,地铁磨子桥站,磨子村,章灵寺,二环科华路口,棕树村,高攀路北,桂溪公交站,
桂溪公交站,科华路二环路口,地铁川大望江校区站,磨子村,地铁磨子桥站,地铁新南门站,锦兴路东,锦兴路西,大业路,人民公园,宽窄巷子,长顺中街,长顺下街,八宝街,西月城街,花牌坊街,西门车站,营门口立交桥东,五里村,金牛公园,天府艺术公园,金牛宾馆,金泉路,土桥,金芙蓉大道南,侯家公交站,侯家小区路口,盛发街东,盛发街,侯家公交站,
{'bus_name': '成都62路公交车路线', 'bus_type': '[干线公交]', 'bus_time': '运行时间：06:30-22:30', 'gongsi': '成都公交集团北星巴士有限公司', 'gengxin': '最后更新：2023-03-12', 'wang_info': '侯家公交站—桂溪公交站', 'wang_buff': '侯家公交站,盛发街,盛发街东,侯家小区路口,金芙蓉大道南,土桥,金泉路,金牛宾馆,天府艺术公园,金牛公园,茶店子,地铁茶店子站,五里村,营门口立交桥东,西门车站,花牌坊街,西月城街,长顺下街,长顺中街,宽窄巷子,人民公园,东御街,锦兴路西,锦兴路东,地铁新南门站,桂溪公交站,地铁磨子桥站,磨子村,章灵寺,二环科华路口,棕树村,高攀路北,桂溪公交站,', 'fan_info': '桂溪公交站—侯家公交站', 'fan_buff': '桂溪公交站,科华路二环路口,地铁川大望江校区站,磨子村,地铁磨子桥站,地铁新南门站,锦兴路东,锦兴路西,大业路,人民公园,宽窄巷子,长顺中街,长顺下街,八宝街,西月城街,花牌坊街,西门车站,营门口立交桥东,五里村,金牛公园,天府艺术公园,金牛宾馆,金泉路,土桥,金芙蓉大道南,侯家公交站,侯家小区路口,盛发街东,盛发街,侯家公交站,'}
参考票价：扫码 刷卡 投币 2元
成都公交集团运兴巴士有限公司
最后更新：2023-03-12
龙绵街东裕路口—清波小区
清波小区—龙绵街东裕路口
龙绵街东裕路口,龙绵街中,东荆路南,荆竹中路,荆竹中路东紫路口,地铁动物园站,动物园,地铁昭觉寺南路站,驷马桥,高笋塘路口北,高笋塘路口南,解放北路一段,梁家巷,簸箕街,北大街,省市政务中心,锣锅巷,市青少年宫,顺城大街南,人民公园,地铁通惠门站,通惠门,中医附院,清江东路,地铁草堂北路站,清波小区,成温立交桥,铁门坎,金沙公交站,清江西路口,清江西路中,清江西路,蜀鑫路金辉路口,蜀鑫东路口,清波路,清源二路,董家店路西,清波小区,
清波小区,清波路清百路口,清波路,蜀鑫东路口,成都第一骨科医院,清江西路,清江西路中,清江西路口,金沙公交站,地铁西南财大站,成温立交桥,地铁草堂北路站,清江东路,中医附院,通惠门,金河路,人民公园,西御街,天府广场东,顺城大街南,市青少年宫,锣锅巷,省市政务中心,北大街,簸箕街,龙绵街东裕路口,梁家巷,解放北路一段,高笋塘路口南,高笋塘路口北,驷马桥,地铁昭觉寺南路站,动物园,地铁动物园站,荆竹中路东紫路口,东荆路南,龙绵街中,龙绵街东裕路口,
{'bus_name': '成都64路公交车路线', 'bus_type': '[干线公交]', 'bus_time': '运行时间：06:00-21:50', 'gongsi': '成都公交集团运兴巴士有限公司', 'gengxin': '最后更新：2023-03-12', 'wang_info': '龙绵街东裕路口—清波小区', 'wang_buff': '龙绵街东裕路口,龙绵街中,东荆路南,荆竹中路,荆竹中路东紫路口,地铁动物园站,动物园,地铁昭觉寺南路站,驷马桥,高笋塘路口北,高笋塘路口南,解放北路一段,梁家巷,簸箕街,北大街,省市政务中心,锣锅巷,市青少年宫,顺城大街南,人民公园,地铁通惠门站,通惠门,中医附院,清江东路,地铁草堂北路站,清波小区,成温立交桥,铁门坎,金沙公交站,清江西路口,清江西路中,清江西路,蜀鑫路金辉路口,蜀鑫东路口,清波路,清源二路,董家店路西,清波小区,', 'fan_info': '清波小区—龙绵街东裕路口', 'fan_buff': '清波小区,清波路清百路口,清波路,蜀鑫东路口,成都第一骨科医院,清江西路,清江西路中,清江西路口,金沙公交站,地铁西南财大站,成温立交桥,地铁草堂北路站,清江东路,中医附院,通惠门,金河路,人民公园,西御街,天府广场东,顺城大街南,市青少年宫,锣锅巷,省市政务中心,北大街,簸箕街,龙绵街东裕路口,梁家巷,解放北路一段,高笋塘路口南,高笋塘路口北,驷马桥,地铁昭觉寺南路站,动物园,地铁动物园站,荆竹中路东紫路口,东荆路南,龙绵街中,龙绵街东裕路口,'}
参考票价：扫码 刷卡 投币 2元
成都公交集团北星巴士有限公司
最后更新：2023-03-12
火车北站公交站—城东客运中心
城东客运中心—火车北站公交站(公交路)
火车北站公交站,火车北站东,二环路北三段,高笋塘路口东,地铁李家沱站,李家沱公交宿舍,三友路南,马鞍北路,曹家巷,星辉东路东,地铁红星桥站,建设北路一段,建设路一环路口,建设南新路,建设南新路南,新鸿南路,新华公园,双林北横路北,双林北横路南,双林中横路,经华北路,经华南路,海椒市,莲花一区,莲桂南路,城东客运中心,二环成仁公交站,地铁东光站(F口),成仁路沙河大桥,地铁琉璃场站,地铁琉三路站(A口),地铁琉三路站,城东客运中心,
城东客运中心,皇经楼西路,皇经楼西路南,锦江大道琉新路口,锦江大道榕声路口,包江桥,三环路琉璃立交桥南,地铁琉三路站,琉璃一街,地铁琉璃场站,成仁路沙河大桥,东光小区,二环成仁公交站,莲桂南路,莲花一区,海椒市,牛市口,经华南路,经华北路,双林中横路,双林北横路南,双林北支路,新华公园,新鸿南路,新鸿路一环路口,火车北站公交站(公交路),一环建设路口,电子科大沙河校区,星辉东路东,曹家巷,马鞍北路,三友路南,李家沱公交宿舍,地铁李家沱站,高笋塘路口东,二环路北三段,火车北站东,火车北站公交站(公交路),
{'bus_name': '成都65路公交车路线', 'bus_type': '[干线公交]', 'bus_time': '运行时间：06:00-22:00', 'gongsi': '成都公交集团北星巴士有限公司', 'gengxin': '最后更新：2023-03-12', 'wang_info': '火车北站公交站—城东客运中心', 'wang_buff': '火车北站公交站,火车北站东,二环路北三段,高笋塘路口东,地铁李家沱站,李家沱公交宿舍,三友路南,马鞍北路,曹家巷,星辉东路东,地铁红星桥站,建设北路一段,建设路一环路口,建设南新路,建设南新路南,新鸿南路,新华公园,双林北横路北,双林北横路南,双林中横路,经华北路,经华南路,海椒市,莲花一区,莲桂南路,城东客运中心,二环成仁公交站,地铁东光站(F口),成仁路沙河大桥,地铁琉璃场站,地铁琉三路站(A口),地铁琉三路站,城东客运中心,', 'fan_info': '城东客运中心—火车北站公交站(公交路)', 'fan_buff': '城东客运中心,皇经楼西路,皇经楼西路南,锦江大道琉新路口,锦江大道榕声路口,包江桥,三环路琉璃立交桥南,地铁琉三路站,琉璃一街,地铁琉璃场站,成仁路沙河大桥,东光小区,二环成仁公交站,莲桂南路,莲花一区,海椒市,牛市口,经华南路,经华北路,双林中横路,双林北横路南,双林北支路,新华公园,新鸿南路,新鸿路一环路口,火车北站公交站(公交路),一环建设路口,电子科大沙河校区,星辉东路东,曹家巷,马鞍北路,三友路南,李家沱公交宿舍,地铁李家沱站,高笋塘路口东,二环路北三段,火车北站东,火车北站公交站(公交路),'}
https://chengdu.8684.cn//list7
参考票价：扫码 刷卡 投币 2元
成都公交集团东星巴士有限公司
最后更新：2023-03-12
华林小区—万和路
万和路—华林小区
华林小区,东华一路口,二仙桥北二路口,地铁理工大学站,十里店公交站,二仙桥东路,二仙桥西路,二仙桥西路北,地铁八里庄站,八里庄路北,府青路三段,府青路二环路立交桥,府青路一环路立交桥,地铁红星桥站,红星路一段,红星路口西,玉沙路,德盛路,文武路东,人民中路二段,青龙街三医院,万和路,
万和路,江汉路西,江汉路东,德盛路,玉沙路,红星路口西,红星路一段,地铁红星桥站,府青路一环路立交桥,府青路二环路立交桥,府青路三段,八里庄路北,地铁八里庄站,二仙桥西路北,二仙桥,二仙桥东路,十里店公交站,地铁理工大学站,二仙桥北二路口,东华一路口,华林一路,华林小区,
{'bus_name': '成都7路公交车路线', 'bus_type': '[干线公交]', 'bus_time': '运行时间：华林小区06:00-22:00 万和路06:40-22:45', 'gongsi': '成都公交集团东星巴士有限公司', 'gengxin': '最后更新：2023-03-12', 'wang_info': '华林小区—万和路', 'wang_buff': '华林小区,东华一路口,二仙桥北二路口,地铁理工大学站,十里店公交站,二仙桥东路,二仙桥西路,二仙桥西路北,地铁八里庄站,八里庄路北,府青路三段,府青路二环路立交桥,府青路一环路立交桥,地铁红星桥站,红星路一段,红星路口西,玉沙路,德盛路,文武路东,人民中路二段,青龙街三医院,万和路,', 'fan_info': '万和路—华林小区', 'fan_buff': '万和路,江汉路西,江汉路东,德盛路,玉沙路,红星路口西,红星路一段,地铁红星桥站,府青路一环路立交桥,府青路二环路立交桥,府青路三段,八里庄路北,地铁八里庄站,二仙桥西路北,二仙桥,二仙桥东路,十里店公交站,地铁理工大学站,二仙桥北二路口,东华一路口,华林一路,华林小区,'}
参考票价：扫码 刷卡 投币 2元
成都公交集团北星巴士有限公司
最后更新：2023-03-12
动物园公交站—胜利桥街
胜利桥街—动物园公交站
动物园公交站,川陕立交南,川陕路口,荆竹村,双水村,双沙桥路口,八里桥,站北北街,八里桥路,豆腐堰,荷花池,火车北站东,北站西一巷口,人民北路二段,地铁人民北路站,白马寺,北较场西路,万和路,东城根下街北,东门街,长顺中街,宽窄巷子,小南街北,小南街南,大石东路东,胜利桥街,大石东路,大石西路,大石西路中,百花小区,清水河,龙爪村,晋阳路东,五大花园,阳公桥,晋吉北路北,晋吉北路,晋吉北路南,胜利桥街,
胜利桥街,武晋路晋吉西二街口,晋吉北路,阳公桥,五大花园,龙爪村,龙腾中路龙欣路口,清水河,百花小区,大石西路中,大石西路,大石东路东,小南街南,人民公园,宽窄巷子,长顺中街,长顺下街,长顺下街八宝街口,万和路,北较场西路,五丁桥,白马寺,人民北路,火车北站公交站,荷花池,动物园公交站,豆腐堰,八里桥路,站北北街,八里桥,双沙桥路口,双水村,荆竹村,川陕路口,动物园公交站,
{'bus_name': '成都70路公交车路线', 'bus_type': '[干线公交]', 'bus_time': '运行时间：06:30-22:00', 'gongsi': '成都公交集团北星巴士有限公司', 'gengxin': '最后更新：2023-03-12', 'wang_info': '动物园公交站—胜利桥街', 'wang_buff': '动物园公交站,川陕立交南,川陕路口,荆竹村,双水村,双沙桥路口,八里桥,站北北街,八里桥路,豆腐堰,荷花池,火车北站东,北站西一巷口,人民北路二段,地铁人民北路站,白马寺,北较场西路,万和路,东城根下街北,东门街,长顺中街,宽窄巷子,小南街北,小南街南,大石东路东,胜利桥街,大石东路,大石西路,大石西路中,百花小区,清水河,龙爪村,晋阳路东,五大花园,阳公桥,晋吉北路北,晋吉北路,晋吉北路南,胜利桥街,', 'fan_info': '胜利桥街—动物园公交站', 'fan_buff': '胜利桥街,武晋路晋吉西二街口,晋吉北路,阳公桥,五大花园,龙爪村,龙腾中路龙欣路口,清水河,百花小区,大石西路中,大石西路,大石东路东,小南街南,人民公园,宽窄巷子,长顺中街,长顺下街,长顺下街八宝街口,万和路,北较场西路,五丁桥,白马寺,人民北路,火车北站公交站,荷花池,动物园公交站,豆腐堰,八里桥路,站北北街,八里桥,双沙桥路口,双水村,荆竹村,川陕路口,动物园公交站,'}
参考票价：扫码 刷卡 投币 2元
成都公交集团北星巴士有限公司
最后更新：2023-03-12
昭觉寺公交站—成都东客站(东广场)
成都东客站(东广场)—昭觉寺公交站
昭觉寺公交站,昭觉横路东,致顺路西,致顺路,致强环街北,致强环街,民兴路,地铁八里庄站,二仙桥西路北,二仙桥西路,地铁二仙桥站,建设北路三段东,建设北路三段,二环建设北路口,建设路东,建设南新路,建设南新路南,新鸿路,小龙桥路,双林北横路北,双林北横路南,双林路东,万年场,双福二路,地铁万年场站,成都东客站(东广场),双成五路南,塔子山公园,五桂桥公交站,建材路口,邛崃山路,成都东客站(东广场),
成都东客站(东广场),大渡河路东,大渡河路,锦绣大道岷江路口,锦绣大道白龙江路口,地铁迎晖路站,五桂桥公交站,塔子山公园,双成五路南,地铁万年场站,双成二路,双庆路西,万年场,双林北横路南,双林北横路北,小龙桥路,新鸿路,建设南新路中,建设南新路,建设路东,厂北路口,建设北路三段,建设北路三段东,二仙桥西路,二仙桥西路北,昭觉寺公交站,地铁八里庄站,民兴路,致强环街,致顺路,致顺路西,昭觉横路东,昭觉寺公交站,
{'bus_name': '成都71路公交车路线', 'bus_type': '[干线公交]', 'bus_time': '运行时间：06:30-22:00', 'gongsi': '成都公交集团北星巴士有限公司', 'gengxin': '最后更新：2023-03-12', 'wang_info': '昭觉寺公交站—成都东客站(东广场)', 'wang_buff': '昭觉寺公交站,昭觉横路东,致顺路西,致顺路,致强环街北,致强环街,民兴路,地铁八里庄站,二仙桥西路北,二仙桥西路,地铁二仙桥站,建设北路三段东,建设北路三段,二环建设北路口,建设路东,建设南新路,建设南新路南,新鸿路,小龙桥路,双林北横路北,双林北横路南,双林路东,万年场,双福二路,地铁万年场站,成都东客站(东广场),双成五路南,塔子山公园,五桂桥公交站,建材路口,邛崃山路,成都东客站(东广场),', 'fan_info': '成都东客站(东广场)—昭觉寺公交站', 'fan_buff': '成都东客站(东广场),大渡河路东,大渡河路,锦绣大道岷江路口,锦绣大道白龙江路口,地铁迎晖路站,五桂桥公交站,塔子山公园,双成五路南,地铁万年场站,双成二路,双庆路西,万年场,双林北横路南,双林北横路北,小龙桥路,新鸿路,建设南新路中,建设南新路,建设路东,厂北路口,建设北路三段,建设北路三段东,二仙桥西路,二仙桥西路北,昭觉寺公交站,地铁八里庄站,民兴路,致强环街,致顺路,致顺路西,昭觉横路东,昭觉寺公交站,'}
参考票价：扫码 刷卡 投币 2元
成都公交集团北星巴士有限公司
最后更新：2023-03-12
汇泽路—大墙东街
大墙东街—汇泽路
汇泽路,泉水路口,洞子口商贸大道口,泉水西路口,新成彭路口,政通路,福源路福堤路口,九里堤东路福源路口,九里堤东路东,九里堤东路西,九里堤北路北,九里堤北路,九里堤中路北,二环九里堤南路口,二环商贸大道口,火车北站公交站,人民北路二段,地铁人民北路站,梁家巷,簸箕街,北大街,德盛路,太升路口,大墙东街,
大墙东街,鼓楼北一街,白丝街,省市政务中心,北大街,簸箕街,梁家巷,一环顺沙巷口,一环路北三段,人民北路,火车北站公交站,火车北站西,地铁北站西二路站,地铁九里堤站,九里堤中路南,九里堤中路北,九里堤北路,九里堤北路北,九里堤东路西,九里堤东路东,福源路,政通路,新成彭路口,泉水西路口,泉水路口,汇泽路,汇泽路,
{'bus_name': '成都73路公交车路线', 'bus_type': '[干线公交]', 'bus_time': '运行时间：06:30-21:00', 'gongsi': '成都公交集团北星巴士有限公司', 'gengxin': '最后更新：2023-03-12', 'wang_info': '汇泽路—大墙东街', 'wang_buff': '汇泽路,泉水路口,洞子口商贸大道口,泉水西路口,新成彭路口,政通路,福源路福堤路口,九里堤东路福源路口,九里堤东路东,九里堤东路西,九里堤北路北,九里堤北路,九里堤中路北,二环九里堤南路口,二环商贸大道口,火车北站公交站,人民北路二段,地铁人民北路站,梁家巷,簸箕街,北大街,德盛路,太升路口,大墙东街,', 'fan_info': '大墙东街—汇泽路', 'fan_buff': '大墙东街,鼓楼北一街,白丝街,省市政务中心,北大街,簸箕街,梁家巷,一环顺沙巷口,一环路北三段,人民北路,火车北站公交站,火车北站西,地铁北站西二路站,地铁九里堤站,九里堤中路南,九里堤中路北,九里堤北路,九里堤北路北,九里堤东路西,九里堤东路东,福源路,政通路,新成彭路口,泉水西路口,泉水路口,汇泽路,汇泽路,'}
参考票价：扫码 刷卡 投币 2元
成都公交集团星辰巴士有限公司
最后更新：2023-03-12
环球南路—新鸿南路
新鸿南路—环球西路
环球南路,环球东路南,天府大道环球南路口,地铁锦城广场东站,高新区孵化园,天府大道锦城大道口,天府大道锦尚东路口,交子公园,天府大道府城大道口,天府大道天顺南街口,天府大道天顺中街口,三环路天府立交桥,地铁火车南站,天和西二街北,中环路天和西二街口,火车南站东路,科华中路南,桂溪公交站,二环科华路口,棕树村,橡树林路二环路口,橡树林路,地铁三官堂站,地铁顺江路站,九眼桥东,新鸿南路,地铁牛王庙站(H口),地铁牛王庙站,水碾河,地铁玉双路站,成华区政府,新鸿路一环路口,新鸿南路,
新鸿南路,双林北支路西,一环双林路口,地铁玉双路站,水碾河,地铁牛王庙站,九眼桥北,九眼桥东,地铁顺江路站,地铁三官堂站,橡树林路,东湖公园,棕树村,科华中路,航空路东,新希望路中,棕树十街坊,火车南站东路西,天仁北一街口,地铁火车南站,三环路天府立交桥,天府大道天晖中路口,天府大道府城大道口,交子公园,地铁孵化园站,环球西路,高新区孵化园,环球中心,环球东路北,环球北路,环球西路,
{'bus_name': '成都74路公交车路线', 'bus_type': '[干线公交]', 'bus_time': '运行时间：环球南路06:45-22:30 新鸿南路06:45-22:15', 'gongsi': '成都公交集团星辰巴士有限公司', 'gengxin': '最后更新：2023-03-12', 'wang_info': '环球南路—新鸿南路', 'wang_buff': '环球南路,环球东路南,天府大道环球南路口,地铁锦城广场东站,高新区孵化园,天府大道锦城大道口,天府大道锦尚东路口,交子公园,天府大道府城大道口,天府大道天顺南街口,天府大道天顺中街口,三环路天府立交桥,地铁火车南站,天和西二街北,中环路天和西二街口,火车南站东路,科华中路南,桂溪公交站,二环科华路口,棕树村,橡树林路二环路口,橡树林路,地铁三官堂站,地铁顺江路站,九眼桥东,新鸿南路,地铁牛王庙站(H口),地铁牛王庙站,水碾河,地铁玉双路站,成华区政府,新鸿路一环路口,新鸿南路,', 'fan_info': '新鸿南路—环球西路', 'fan_buff': '新鸿南路,双林北支路西,一环双林路口,地铁玉双路站,水碾河,地铁牛王庙站,九眼桥北,九眼桥东,地铁顺江路站,地铁三官堂站,橡树林路,东湖公园,棕树村,科华中路,航空路东,新希望路中,棕树十街坊,火车南站东路西,天仁北一街口,地铁火车南站,三环路天府立交桥,天府大道天晖中路口,天府大道府城大道口,交子公园,地铁孵化园站,环球西路,高新区孵化园,环球中心,环球东路北,环球北路,环球西路,'}
参考票价：扫码 刷卡 投币 2元
成都公交集团北星巴士有限公司
最后更新：2023-03-12
九里堤公交站—建设南路东
建设南路东—九里堤公交站九里堤公交站(长庆西路)1
九里堤公交站,星河路西,星河路东,星汉路,群星路,九里堤中路北,九里堤中路南,九里堤南路北,九里堤南路,西体北路北,西体北路南,王爷庙,文殊院(坊),星辉西路,星辉中路,星辉东路东,地铁红星桥站,石油路口,建设路西,建设路一环路口,建设南新路,建设南新路南,新鸿路,二环建设南路口,建设南路西,建设南路东,建设南路,东郊记忆东大门,建设南路东,
建设南路东,东郊记忆北大门,建设南路,建设南路西,二环建设南路口,麻石桥,新鸿路,建设南新路中,建设南新路,建设路一环路口,建设路西,石油路口,地铁红星桥站,星辉东路东,星辉中路,星辉西路,文殊院(坊),武都路东,王爷庙,西体北路南,西体北路北,九里堤南路,九里堤南路北,九里堤中路南,九里堤中路北,九里堤公交站(长庆西路),群星路,星汉路,星河路东,长平街,九里堤公交站,九里堤公交站(长庆西路),
{'bus_name': '成都75路公交车路线', 'bus_type': '[干线公交]', 'bus_time': '运行时间：06:00-22:00', 'gongsi': '成都公交集团北星巴士有限公司', 'gengxin': '最后更新：2023-03-12', 'wang_info': '九里堤公交站—建设南路东', 'wang_buff': '九里堤公交站,星河路西,星河路东,星汉路,群星路,九里堤中路北,九里堤中路南,九里堤南路北,九里堤南路,西体北路北,西体北路南,王爷庙,文殊院(坊),星辉西路,星辉中路,星辉东路东,地铁红星桥站,石油路口,建设路西,建设路一环路口,建设南新路,建设南新路南,新鸿路,二环建设南路口,建设南路西,建设南路东,建设南路,东郊记忆东大门,建设南路东,', 'fan_info': '建设南路东—九里堤公交站九里堤公交站(长庆西路)1', 'fan_buff': '建设南路东,东郊记忆北大门,建设南路,建设南路西,二环建设南路口,麻石桥,新鸿路,建设南新路中,建设南新路,建设路一环路口,建设路西,石油路口,地铁红星桥站,星辉东路东,星辉中路,星辉西路,文殊院(坊),武都路东,王爷庙,西体北路南,西体北路北,九里堤南路,九里堤南路北,九里堤中路南,九里堤中路北,九里堤公交站(长庆西路),群星路,星汉路,星河路东,长平街,九里堤公交站,九里堤公交站(长庆西路),'}
https://chengdu.8684.cn//list8
参考票价：扫码 刷卡 投币 2元
成都公交集团东星巴士有限公司
最后更新：2023-03-12
十里店公交站—西部智谷公交站
西部智谷公交站—十里店公交站
十里店公交站,崔家店北三路,崔家店路,地铁崔家店站,崔家店路西,崔家店,跳蹬河,万年场公交宿舍,万年场,双林路东,新华公园,双林路一环路口西,天府熊猫塔,红星路口东,地铁市二医院站,总府路,盐市口,大业路,锦江宾馆,华西坝(华西口腔医院),华西第二、第四医院,华西医院第二门诊部,电信南街,洗面桥横街东,武侯祠东街,西部智谷公交站,高升桥,七道堰,大石南路菊乐路口,周家桥,少陵路,少陵路西,清水河,龙爪村,晋阳路东,五大花园,阳公桥,地铁机投桥站(D口),潮音大道北,潮音大道,武青东四路,武青西四路武青南路口,西部智谷公交站,
西部智谷公交站,武兴五路,武兴四路,武青西四路,武青南路武青东四路口,武青南路武青西二路口,武青南路永康路口,地铁机投桥站(C口),阳公桥,五大花园,晋阳路东,龙爪村,二环龙腾路口,少陵路西,少陵路,周家桥,菊乐路东,高升桥,洗面桥横街西,洗面桥横街东,电信南街,电信路南,电信路华西医院,国学巷,华西坝,十里店公交站,锦江宾馆,大业路,总府路,地铁市二医院站,红星路口东,猛追湾街口,双林路一环路口东,新华公园,双林路东,万年场,万年场公交宿舍,跳蹬河,崔家店,崔家店路西,地铁崔家店站,崔家店路,十里店公交站,
{'bus_name': '成都8路公交车路线', 'bus_type': '[干线公交]', 'bus_time': '运行时间：十里店公交站06:00-21:55 西部智谷公交站06:00-21:50', 'gongsi': '成都公交集团东星巴士有限公司', 'gengxin': '最后更新：2023-03-12', 'wang_info': '十里店公交站—西部智谷公交站', 'wang_buff': '十里店公交站,崔家店北三路,崔家店路,地铁崔家店站,崔家店路西,崔家店,跳蹬河,万年场公交宿舍,万年场,双林路东,新华公园,双林路一环路口西,天府熊猫塔,红星路口东,地铁市二医院站,总府路,盐市口,大业路,锦江宾馆,华西坝(华西口腔医院),华西第二、第四医院,华西医院第二门诊部,电信南街,洗面桥横街东,武侯祠东街,西部智谷公交站,高升桥,七道堰,大石南路菊乐路口,周家桥,少陵路,少陵路西,清水河,龙爪村,晋阳路东,五大花园,阳公桥,地铁机投桥站(D口),潮音大道北,潮音大道,武青东四路,武青西四路武青南路口,西部智谷公交站,', 'fan_info': '西部智谷公交站—十里店公交站', 'fan_buff': '西部智谷公交站,武兴五路,武兴四路,武青西四路,武青南路武青东四路口,武青南路武青西二路口,武青南路永康路口,地铁机投桥站(C口),阳公桥,五大花园,晋阳路东,龙爪村,二环龙腾路口,少陵路西,少陵路,周家桥,菊乐路东,高升桥,洗面桥横街西,洗面桥横街东,电信南街,电信路南,电信路华西医院,国学巷,华西坝,十里店公交站,锦江宾馆,大业路,总府路,地铁市二医院站,红星路口东,猛追湾街口,双林路一环路口东,新华公园,双林路东,万年场,万年场公交宿舍,跳蹬河,崔家店,崔家店路西,地铁崔家店站,崔家店路,十里店公交站,'}
参考票价：扫码 刷卡 投币 2元
成都公交集团北星巴士有限公司
最后更新：2023-03-12
韦家碾公交站—成都东客站(东广场)
成都东客站(东广场)—韦家碾公交站
韦家碾公交站,地铁韦家碾站,成都铁中梧桐校区,韦家碾三路东,韦家碾三路西,八里桥路中,八里桥,站北北街,八里桥路,豆腐堰,荷花池,二环路北三段,高笋塘路口南,解放北路一段,梁家巷,簸箕街,北大街,德盛路,玉沙路,红星路口西,游泳池,猛追湾街口,双林路一环路口东,新华公园,双林路东,成都东客站(东广场),万年场,联合小区,双庆路口,多宝寺,槐树店路,地铁槐树店站,建材路北,建材路,建材路南,迎晖路中,邛崃山路,成都东客站(东广场),
成都东客站(东广场),邛崃山路岷江路口,邛崃山路中,地铁迎晖路站,建材路南,建材路,建材路北,地铁槐树店站,槐树店路,多宝寺,双庆路口,联合小区,万年场,双林路东,新华公园,双林路一环路口西,游泳池,红星路口西,玉沙路,德盛路,省市政务中心,北大街,簸箕街,梁家巷,解放北路一段,韦家碾公交站,高笋塘路口南,二环路北三段,荷花池,豆腐堰,八里桥路,站北北街,八里桥,八里桥路中,韦家碾三路西,韦家碾三路东,韦家碾公交站,
{'bus_name': '成都80路公交车路线', 'bus_type': '[干线公交]', 'bus_time': '运行时间：06:30-22:00', 'gongsi': '成都公交集团北星巴士有限公司', 'gengxin': '最后更新：2023-03-12', 'wang_info': '韦家碾公交站—成都东客站(东广场)', 'wang_buff': '韦家碾公交站,地铁韦家碾站,成都铁中梧桐校区,韦家碾三路东,韦家碾三路西,八里桥路中,八里桥,站北北街,八里桥路,豆腐堰,荷花池,二环路北三段,高笋塘路口南,解放北路一段,梁家巷,簸箕街,北大街,德盛路,玉沙路,红星路口西,游泳池,猛追湾街口,双林路一环路口东,新华公园,双林路东,成都东客站(东广场),万年场,联合小区,双庆路口,多宝寺,槐树店路,地铁槐树店站,建材路北,建材路,建材路南,迎晖路中,邛崃山路,成都东客站(东广场),', 'fan_info': '成都东客站(东广场)—韦家碾公交站', 'fan_buff': '成都东客站(东广场),邛崃山路岷江路口,邛崃山路中,地铁迎晖路站,建材路南,建材路,建材路北,地铁槐树店站,槐树店路,多宝寺,双庆路口,联合小区,万年场,双林路东,新华公园,双林路一环路口西,游泳池,红星路口西,玉沙路,德盛路,省市政务中心,北大街,簸箕街,梁家巷,解放北路一段,韦家碾公交站,高笋塘路口南,二环路北三段,荷花池,豆腐堰,八里桥路,站北北街,八里桥,八里桥路中,韦家碾三路西,韦家碾三路东,韦家碾公交站,'}
参考票价：扫码 刷卡 投币 2元
成都公交集团东星巴士有限公司
最后更新：2023-03-12
茶店子公交站—成仁公交站
成仁公交站—茶店子公交站
茶店子公交站,羊犀立交北,羊犀立交东,地铁羊犀立交站,蜀汉路,同和路蜀汉路口,黄忠小区,金沙遗址东门,府南新区,二环府南新区,二环战旗东路口,地铁西南财大站(B口),二环群康路口,杜甫草堂(北门),送仙桥,青羊宫,地铁省骨科医院站,一环路菊乐路口,高升桥,武侯祠,武侯祠大街中,浆洗街,南门大桥,滨江路,新南门,成仁公交站,兴安桥,九眼桥西,九眼桥东,地铁顺江路站,龙舟路,成仁公交站,
成仁公交站,地铁三官堂站,地铁顺江路站,九眼桥东,九眼桥西,合江亭,新南门,滨江路,南门大桥,浆洗街,武侯祠大街,武侯祠(锦里),一环武侯祠大街口,一环菊乐路口,地铁省骨科医院站,百花潭公园,青羊宫,送仙桥,杜甫草堂,青华路西,二环群康路口,二环成温路口,二环府南新区,府南新区,金沙遗址东门,茶店子公交站,黄忠小区,蜀汉路同和路口,蜀汉路,地铁羊犀立交站,羊犀立交东,羊犀立交北,育仁西路口,金牛立交南,茶店子公交站,
{'bus_name': '成都82路公交车路线', 'bus_type': '[干线公交]', 'bus_time': '运行时间：06:30-22:00', 'gongsi': '成都公交集团东星巴士有限公司', 'gengxin': '最后更新：2023-03-12', 'wang_info': '茶店子公交站—成仁公交站', 'wang_buff': '茶店子公交站,羊犀立交北,羊犀立交东,地铁羊犀立交站,蜀汉路,同和路蜀汉路口,黄忠小区,金沙遗址东门,府南新区,二环府南新区,二环战旗东路口,地铁西南财大站(B口),二环群康路口,杜甫草堂(北门),送仙桥,青羊宫,地铁省骨科医院站,一环路菊乐路口,高升桥,武侯祠,武侯祠大街中,浆洗街,南门大桥,滨江路,新南门,成仁公交站,兴安桥,九眼桥西,九眼桥东,地铁顺江路站,龙舟路,成仁公交站,', 'fan_info': '成仁公交站—茶店子公交站', 'fan_buff': '成仁公交站,地铁三官堂站,地铁顺江路站,九眼桥东,九眼桥西,合江亭,新南门,滨江路,南门大桥,浆洗街,武侯祠大街,武侯祠(锦里),一环武侯祠大街口,一环菊乐路口,地铁省骨科医院站,百花潭公园,青羊宫,送仙桥,杜甫草堂,青华路西,二环群康路口,二环成温路口,二环府南新区,府南新区,金沙遗址东门,茶店子公交站,黄忠小区,蜀汉路同和路口,蜀汉路,地铁羊犀立交站,羊犀立交东,羊犀立交北,育仁西路口,金牛立交南,茶店子公交站,'}
参考票价：扫码 刷卡 投币 2元
成都公交集团运兴巴士有限公司
最后更新：2023-03-12
九里堤公交站—聚龙路口
聚龙路口—九里堤公交站(长庆西路)
九里堤公交站(长庆东路),香榭里,交大路口,长久村,省医院金牛医院,花照壁东街长亭路口,中环花照壁东街口,地铁茶店子站,一品天下大街北,一品天下大街中,地铁一品天下站,同和路蜀汉路口,黄忠小区,金沙遗址东门,青羊大道双锦路口,地铁文化宫站,光华大道口,地铁东坡路站,青羊大道南,青羊大道清风街口,晋阳路东,五大花园,阳公桥,地铁机投桥站(D口),武青南路永康路口,聚龙路口,武青东二路口,潮音大道,潮音大道武青东四路口,武科东四路,武兴一路北,武兴一路,武科东二路,武兴二路,武兴二路南,聚福路,福锦路一段,万兴路中,聚龙路口,
聚龙路口,聚龙路万兴路口,兆景路聚龙路口,聚福路,武兴二路南,武科东二路,武兴一路,武兴一路北,武科东四路,武兴二路北,武青东四路,武青南路武青东四路口,武青南路武青西二路口,武青南路永康路口,地铁机投桥站(C口),阳公桥,五大花园,晋阳路东,成都花园,青羊大道南,地铁东坡路站,光华大道口,文化宫,青羊大道双锦路口,金沙遗址东门,九里堤公交站(长庆西路),黄忠小区,地铁一品天下站,一品天下大街中,一品天下大街北,地铁茶店子站,花照壁东街东,花照壁东街长亭路口,省医院金牛医院,长久村,九里堤公交站,九里堤公交站(长庆西路),
{'bus_name': '成都83路公交车路线', 'bus_type': '[干线公交]', 'bus_time': '运行时间：06:30-22:00', 'gongsi': '成都公交集团运兴巴士有限公司', 'gengxin': '最后更新：2023-03-12', 'wang_info': '九里堤公交站—聚龙路口', 'wang_buff': '九里堤公交站(长庆东路),香榭里,交大路口,长久村,省医院金牛医院,花照壁东街长亭路口,中环花照壁东街口,地铁茶店子站,一品天下大街北,一品天下大街中,地铁一品天下站,同和路蜀汉路口,黄忠小区,金沙遗址东门,青羊大道双锦路口,地铁文化宫站,光华大道口,地铁东坡路站,青羊大道南,青羊大道清风街口,晋阳路东,五大花园,阳公桥,地铁机投桥站(D口),武青南路永康路口,聚龙路口,武青东二路口,潮音大道,潮音大道武青东四路口,武科东四路,武兴一路北,武兴一路,武科东二路,武兴二路,武兴二路南,聚福路,福锦路一段,万兴路中,聚龙路口,', 'fan_info': '聚龙路口—九里堤公交站(长庆西路)', 'fan_buff': '聚龙路口,聚龙路万兴路口,兆景路聚龙路口,聚福路,武兴二路南,武科东二路,武兴一路,武兴一路北,武科东四路,武兴二路北,武青东四路,武青南路武青东四路口,武青南路武青西二路口,武青南路永康路口,地铁机投桥站(C口),阳公桥,五大花园,晋阳路东,成都花园,青羊大道南,地铁东坡路站,光华大道口,文化宫,青羊大道双锦路口,金沙遗址东门,九里堤公交站(长庆西路),黄忠小区,地铁一品天下站,一品天下大街中,一品天下大街北,地铁茶店子站,花照壁东街东,花照壁东街长亭路口,省医院金牛医院,长久村,九里堤公交站,九里堤公交站(长庆西路),'}
参考票价：扫码 刷卡 投币 2元
成都公交集团星辰巴士有限公司
最后更新：2023-03-12
锦悦西路—金沙公交站
金沙公交站—锦悦西路
锦悦西路,锦城公园,锦城大道益州大道口,成汉南路锦城大道口,成汉南路锦尚西二路口,成汉南路交子大道口,成汉南路锦晖西二街口,成汉中路一医院,和盛东街口,和硕东街,益州大道北段,益州大道北段北,火车南站西路中,紫瑞大道神仙树路口,地铁神仙树站,紫瑞大道紫瑞北街口,紫瑞大道创业路口,高朋大道口,地铁高朋大道站,高朋公交站,武阳大道三段,地铁太平园站,武阳大道二段,武阳大道武侯大道口,地铁武侯大道站,金沙公交站,武阳大道,地铁龙爪堰站,成都花园,青羊大道南,地铁东坡路站,光华大道口,文化宫,金沙公交站,
金沙公交站,地铁文化宫站,光华大道口,地铁东坡路站,青羊大道南,地铁龙爪堰站,武阳大道龙祥路口,武阳大道,地铁武侯大道站,武阳大道武侯大道口,武阳大道二段,武阳大道川藏路口,地铁太平园站,武阳大道三段,科园大道,地铁高朋大道站,高朋大道口,紫瑞大道创业路口,紫瑞大道紫瑞北街口,地铁神仙树站,机场路口,火车南站西路中,益州大道北段北,益州大道北段,府城大道益州大道口,锦悦西路,市一医院,成汉南路锦晖西二街口,成汉南路交子大道口,成汉南路锦尚西二路口,锦城大道中,锦城大道益州大道口,地铁孵化园站,高新区孵化园,锦悦西路,
{'bus_name': '成都84路公交车路线', 'bus_type': '[干线公交]', 'bus_time': '运行时间：金沙公交站06:30-21:30 锦悦西路07:00-22:30', 'gongsi': '成都公交集团星辰巴士有限公司', 'gengxin': '最后更新：2023-03-12', 'wang_info': '锦悦西路—金沙公交站', 'wang_buff': '锦悦西路,锦城公园,锦城大道益州大道口,成汉南路锦城大道口,成汉南路锦尚西二路口,成汉南路交子大道口,成汉南路锦晖西二街口,成汉中路一医院,和盛东街口,和硕东街,益州大道北段,益州大道北段北,火车南站西路中,紫瑞大道神仙树路口,地铁神仙树站,紫瑞大道紫瑞北街口,紫瑞大道创业路口,高朋大道口,地铁高朋大道站,高朋公交站,武阳大道三段,地铁太平园站,武阳大道二段,武阳大道武侯大道口,地铁武侯大道站,金沙公交站,武阳大道,地铁龙爪堰站,成都花园,青羊大道南,地铁东坡路站,光华大道口,文化宫,金沙公交站,', 'fan_info': '金沙公交站—锦悦西路', 'fan_buff': '金沙公交站,地铁文化宫站,光华大道口,地铁东坡路站,青羊大道南,地铁龙爪堰站,武阳大道龙祥路口,武阳大道,地铁武侯大道站,武阳大道武侯大道口,武阳大道二段,武阳大道川藏路口,地铁太平园站,武阳大道三段,科园大道,地铁高朋大道站,高朋大道口,紫瑞大道创业路口,紫瑞大道紫瑞北街口,地铁神仙树站,机场路口,火车南站西路中,益州大道北段北,益州大道北段,府城大道益州大道口,锦悦西路,市一医院,成汉南路锦晖西二街口,成汉南路交子大道口,成汉南路锦尚西二路口,锦城大道中,锦城大道益州大道口,地铁孵化园站,高新区孵化园,锦悦西路,'}
参考票价：扫码 刷卡 投币 2元
成都公交集团东星巴士有限公司
最后更新：2023-03-12
火车北站公交站—北湖公交站
北湖公交站—火车北站公交站
火车北站公交站,火车北站东,二环路北三段,高笋塘路口东,二环三友路口,桃蹊路西,桃蹊路东,文德路桃蹊路口,文德路中,文德路,地铁二仙桥站,二仙桥东路,十里店公交站,地铁理工大学站,二仙桥北二路口,地铁十里店站,圣灯公园,成华大道民兴路口,龙潭立交西,龙潭立交东,龙潭路,龙潭寺,北湖公交站,
北湖公交站,龙潭寺,龙潭路,龙潭立交东,龙潭立交,龙潭立交西,成华大道民兴路口,圣灯公园,地铁十里店站,二仙桥北二路口,地铁理工大学站,十里店公交站,二仙桥东路,地铁二仙桥站,文德路口,文德路中,文德路桃蹊路口,桃蹊路东,桃蹊路西,二环府青立交,二环三友路口,高笋塘路口东,二环路北三段,火车北站东,火车北站公交站,
{'bus_name': '成都86路公交车路线', 'bus_type': '[干线公交]', 'bus_time': '运行时间：火车北站公交站06:50-22:50 北湖公交站06:30-22:00', 'gongsi': '成都公交集团东星巴士有限公司', 'gengxin': '最后更新：2023-03-12', 'wang_info': '火车北站公交站—北湖公交站', 'wang_buff': '火车北站公交站,火车北站东,二环路北三段,高笋塘路口东,二环三友路口,桃蹊路西,桃蹊路东,文德路桃蹊路口,文德路中,文德路,地铁二仙桥站,二仙桥东路,十里店公交站,地铁理工大学站,二仙桥北二路口,地铁十里店站,圣灯公园,成华大道民兴路口,龙潭立交西,龙潭立交东,龙潭路,龙潭寺,北湖公交站,', 'fan_info': '北湖公交站—火车北站公交站', 'fan_buff': '北湖公交站,龙潭寺,龙潭路,龙潭立交东,龙潭立交,龙潭立交西,成华大道民兴路口,圣灯公园,地铁十里店站,二仙桥北二路口,地铁理工大学站,十里店公交站,二仙桥东路,地铁二仙桥站,文德路口,文德路中,文德路桃蹊路口,桃蹊路东,桃蹊路西,二环府青立交,二环三友路口,高笋塘路口东,二环路北三段,火车北站东,火车北站公交站,'}
https://chengdu.8684.cn//list9
参考票价：扫码 刷卡 投币 2元
成都公交集团北星巴士有限公司
最后更新：2023-03-12
火车北站公交站—天回镇
天回镇—火车北站西
火车北站公交站,火车北站东,二环路北三段,高笋塘路口北,驷马桥,地铁昭觉寺南路站,动物园,地铁动物园站,川陕立交北,地铁熊猫大道站,蜀陵路口,大湾,地铁军区总医院站(熊猫基地),成都医学院,长胜六队,天新街,天回镇,
天回镇,天新街,长胜六队,成都医学院,成都军区总医院,地铁军区总医院站(熊猫基地),大湾,蜀陵路口,地铁熊猫大道站,川陕立交北,地铁动物园站,动物园,洪家坡,羊子山路,驷马桥,高笋塘路口北,二环路北三段,火车北站东,火车北站西,
{'bus_name': '成都9路公交车路线', 'bus_type': '[干线公交]', 'bus_time': '运行时间：火车北站公交站06:00-23:10 天回镇06:00-22:20', 'gongsi': '成都公交集团北星巴士有限公司', 'gengxin': '最后更新：2023-03-12', 'wang_info': '火车北站公交站—天回镇', 'wang_buff': '火车北站公交站,火车北站东,二环路北三段,高笋塘路口北,驷马桥,地铁昭觉寺南路站,动物园,地铁动物园站,川陕立交北,地铁熊猫大道站,蜀陵路口,大湾,地铁军区总医院站(熊猫基地),成都医学院,长胜六队,天新街,天回镇,', 'fan_info': '天回镇—火车北站西', 'fan_buff': '天回镇,天新街,长胜六队,成都医学院,成都军区总医院,地铁军区总医院站(熊猫基地),大湾,蜀陵路口,地铁熊猫大道站,川陕立交北,地铁动物园站,动物园,洪家坡,羊子山路,驷马桥,高笋塘路口北,二环路北三段,火车北站东,火车北站西,'}
参考票价：扫码 刷卡 投币 2元
成都公交集团星辰巴士有限公司
最后更新：2023-03-12
石羊场公交站—建材路
地铁迎晖路站—石羊场公交站
石羊场公交站,国防乐园,新园大道,新园大道南,锦城大道西,锦城湖公园,锦城大道剑南大道口,地铁锦城大道站(B口),锦城大道中,锦城大道益州大道口,地铁孵化园站,地铁心岛站,名都路锦尚东路口,名都路锦辉东街口,府城大道科华南路口,锦江大道三色路口,墨香路西,地铁金石路站,金石路北,琉璃立交西,琉璃立交东,城东客运中心,皇经楼路口,锦瑞路口,锦江立交,建材路,棣棠路口,娇子立交南,水杉街西,水杉街,水杉街北,海桐街,国槐街,国槐街北,赖家新桥路口,大观堰,地铁大观站,锦绣大道大渡河路口,锦绣大道白龙江路口,地铁迎晖路站,建材路南,建材路,
地铁迎晖路站,锦绣大道迎晖路口,锦绣大道沱江路口,锦绣大道岷江路口,地铁大观站,大观堰,国槐街北,国槐街,海桐街,水杉街北,水杉街,水杉街西,三环路娇子立交桥西,娇子立交南,金像寺路口,锦江体育公园,经天东路口,城东客运中心,琉璃立交东,毕昇路锦华路口,地铁金石路站,地铁金石路站(B口),墨香路西,三色路墨香路口,锦江大道三色路口,石羊场公交站,永安桥,锦晖东街名都路口,名都路锦尚东路口,地铁心岛站,地铁孵化园站,锦城大道益州大道口,锦城大道中,地铁锦城大道站(D口),锦城大道剑南大道口,锦城湖公园,锦城大道西,新园大道南,仁和街口,仁和街,石羊场公交站,
{'bus_name': '成都90路公交车路线', 'bus_type': '[干线公交]', 'bus_time': '运行时间：石羊场公交站06:30-22:00 地铁迎晖路站06:30-22:15', 'gongsi': '成都公交集团星辰巴士有限公司', 'gengxin': '最后更新：2023-03-12', 'wang_info': '石羊场公交站—建材路', 'wang_buff': '石羊场公交站,国防乐园,新园大道,新园大道南,锦城大道西,锦城湖公园,锦城大道剑南大道口,地铁锦城大道站(B口),锦城大道中,锦城大道益州大道口,地铁孵化园站,地铁心岛站,名都路锦尚东路口,名都路锦辉东街口,府城大道科华南路口,锦江大道三色路口,墨香路西,地铁金石路站,金石路北,琉璃立交西,琉璃立交东,城东客运中心,皇经楼路口,锦瑞路口,锦江立交,建材路,棣棠路口,娇子立交南,水杉街西,水杉街,水杉街北,海桐街,国槐街,国槐街北,赖家新桥路口,大观堰,地铁大观站,锦绣大道大渡河路口,锦绣大道白龙江路口,地铁迎晖路站,建材路南,建材路,', 'fan_info': '地铁迎晖路站—石羊场公交站', 'fan_buff': '地铁迎晖路站,锦绣大道迎晖路口,锦绣大道沱江路口,锦绣大道岷江路口,地铁大观站,大观堰,国槐街北,国槐街,海桐街,水杉街北,水杉街,水杉街西,三环路娇子立交桥西,娇子立交南,金像寺路口,锦江体育公园,经天东路口,城东客运中心,琉璃立交东,毕昇路锦华路口,地铁金石路站,地铁金石路站(B口),墨香路西,三色路墨香路口,锦江大道三色路口,石羊场公交站,永安桥,锦晖东街名都路口,名都路锦尚东路口,地铁心岛站,地铁孵化园站,锦城大道益州大道口,锦城大道中,地铁锦城大道站(D口),锦城大道剑南大道口,锦城湖公园,锦城大道西,新园大道南,仁和街口,仁和街,石羊场公交站,'}
参考票价：扫码 刷卡 投币 2元
成都公交集团星辰巴士有限公司
最后更新：2023-03-12
临江路五段—成仁公交站
成仁公交站—临江路五段
临江路五段,临港路四段珠江路口,临港路四段,圣菲蔚蓝海,黄河路大件路口,大件路珠江路口,大件路,大件路大同村路口,地铁三元站(F口),石羊场公交站,国防乐园,府城大道剑南大道口,府城大道一医院,府城大道益州大道口,府城大道东段,府城大道科华南路口,锦江大道三色路口,锦江大道金石路口,包江桥,三环路琉璃立交桥南,地铁琉三路站,琉璃一街,地铁琉璃场站,成仁路沙河大桥,东光小区,成仁公交站,地铁东光站,成仁公交站,
成仁公交站,地铁三官堂站,二环成仁公交站,地铁东光站,地铁东光站(F口),成仁路沙河大桥,地铁琉璃场站,地铁琉三路站(A口),地铁琉三路站,三环路琉璃立交桥南,包江桥,锦江大道金石路口,锦江大道三色路口,府城大道东段,府城大道中段,府城大道益州大道口,府城大道一医院,府城大道剑南大道口,国防乐园,石羊场公交站,地铁三元站(A口),大件路大同村路口,大件路,大件路珠江路口,圣菲蔚蓝海,临江路五段,临港路四段,临港路四段珠江路口,临江路五段,
{'bus_name': '成都91路公交车路线', 'bus_type': '[干线公交]', 'bus_time': '运行时间：06:30-22:00', 'gongsi': '成都公交集团星辰巴士有限公司', 'gengxin': '最后更新：2023-03-12', 'wang_info': '临江路五段—成仁公交站', 'wang_buff': '临江路五段,临港路四段珠江路口,临港路四段,圣菲蔚蓝海,黄河路大件路口,大件路珠江路口,大件路,大件路大同村路口,地铁三元站(F口),石羊场公交站,国防乐园,府城大道剑南大道口,府城大道一医院,府城大道益州大道口,府城大道东段,府城大道科华南路口,锦江大道三色路口,锦江大道金石路口,包江桥,三环路琉璃立交桥南,地铁琉三路站,琉璃一街,地铁琉璃场站,成仁路沙河大桥,东光小区,成仁公交站,地铁东光站,成仁公交站,', 'fan_info': '成仁公交站—临江路五段', 'fan_buff': '成仁公交站,地铁三官堂站,二环成仁公交站,地铁东光站,地铁东光站(F口),成仁路沙河大桥,地铁琉璃场站,地铁琉三路站(A口),地铁琉三路站,三环路琉璃立交桥南,包江桥,锦江大道金石路口,锦江大道三色路口,府城大道东段,府城大道中段,府城大道益州大道口,府城大道一医院,府城大道剑南大道口,国防乐园,石羊场公交站,地铁三元站(A口),大件路大同村路口,大件路,大件路珠江路口,圣菲蔚蓝海,临江路五段,临港路四段,临港路四段珠江路口,临江路五段,'}
参考票价：扫码 刷卡 投币 2元
成都公交集团东星巴士有限公司
最后更新：2023-03-12
五桂桥公交站—红牌楼
红牌楼—五桂桥公交站
五桂桥公交站,建材路口,塔子山公园,汇源北路,通汇街,地铁牛市口站,牛市口,陈家巷,牛王庙路口,地铁牛王庙站,九眼桥北,九眼桥南,红瓦寺,城市音乐厅,磨子桥,磨子村,章灵寺,二环科华路口,人南立交东,人南立交西,二环玉林南路口,二环神仙树路口,永丰立交西,红牌楼东,地铁红牌楼站,
地铁红牌楼站,永盛南街,红牌楼西,二环董家湾北街口,红牌楼东,地铁科园站,二环神仙树路口,二环紫荆北路口,二环玉林南路口,人南立交西,人南立交东,新希望路口,科华路二环路口,地铁川大望江校区站,磨子村,磨子桥,城市音乐厅,红瓦寺,九眼桥南,地铁牛王庙站(H口),牛王庙,陈家巷,牛市口,地铁牛市口站,汇泉北路,五桂桥公交站,通汇街,汇源北路,塔子山公园,五桂桥公交站,
{'bus_name': '成都92路公交车路线', 'bus_type': '[干线公交]', 'bus_time': '运行时间：五桂桥公交站06:30-22:30 地铁红牌楼站07:18-23:18', 'gongsi': '成都公交集团东星巴士有限公司', 'gengxin': '最后更新：2023-03-12', 'wang_info': '五桂桥公交站—红牌楼', 'wang_buff': '五桂桥公交站,建材路口,塔子山公园,汇源北路,通汇街,地铁牛市口站,牛市口,陈家巷,牛王庙路口,地铁牛王庙站,九眼桥北,九眼桥南,红瓦寺,城市音乐厅,磨子桥,磨子村,章灵寺,二环科华路口,人南立交东,人南立交西,二环玉林南路口,二环神仙树路口,永丰立交西,红牌楼东,地铁红牌楼站,', 'fan_info': '红牌楼—五桂桥公交站', 'fan_buff': '地铁红牌楼站,永盛南街,红牌楼西,二环董家湾北街口,红牌楼东,地铁科园站,二环神仙树路口,二环紫荆北路口,二环玉林南路口,人南立交西,人南立交东,新希望路口,科华路二环路口,地铁川大望江校区站,磨子村,磨子桥,城市音乐厅,红瓦寺,九眼桥南,地铁牛王庙站(H口),牛王庙,陈家巷,牛市口,地铁牛市口站,汇泉北路,五桂桥公交站,通汇街,汇源北路,塔子山公园,五桂桥公交站,'}
参考票价：扫码 刷卡 投币 2元
成都公交集团星辰巴士有限公司
最后更新：2023-03-12
石羊场公交站—九里堤公交站
九里堤公交站—石羊场公交站
石羊场公交站,国防乐园,府城大道剑南大道口,成汉中路一医院,和盛东街,和盛东街益州大道口,益州大道北段,新南天地,桐梓林小区,二环玉林南路口,二环神仙树路口,永丰路,地铁衣冠庙站,洗面桥街,浆洗街(华西医院),南门大桥,锦里中路,小南街南,人民公园,宽窄巷子,长顺中街,长顺下街,长顺下街八宝街口,八宝街,西月城街,九里堤公交站,金仙桥,沙湾路,地铁沙湾站,地铁西南交大站,地铁星河站,地铁星河站,长庆东一路一品天下大街口,长庆东一路,长庆西一路,九里堤公交站,
九里堤公交站,长庆东一路北,长庆东一路,长庆路口,地铁星河站,交大路西,西南交大,地铁西南交大站,地铁沙湾站,沙湾路,通锦桥,同心路口,西月城街,长顺下街,长顺中街,宽窄巷子,小南街北,小南街南,锦里中路,浆洗街(华西医院),洗面桥街,地铁衣冠庙站,永丰路,二环神仙树路口,二环紫荆北路口,石羊场公交站,新光路二环路口,桐梓林小区,新南天地,益州大道北段,府城大道益州大道口,府城大道一医院,府城大道剑南大道口,国防乐园,新园大道,石羊场公交站,
{'bus_name': '成都93路公交车路线', 'bus_type': '[干线公交]', 'bus_time': '运行时间：06:00-22:30', 'gongsi': '成都公交集团星辰巴士有限公司', 'gengxin': '最后更新：2023-03-12', 'wang_info': '石羊场公交站—九里堤公交站', 'wang_buff': '石羊场公交站,国防乐园,府城大道剑南大道口,成汉中路一医院,和盛东街,和盛东街益州大道口,益州大道北段,新南天地,桐梓林小区,二环玉林南路口,二环神仙树路口,永丰路,地铁衣冠庙站,洗面桥街,浆洗街(华西医院),南门大桥,锦里中路,小南街南,人民公园,宽窄巷子,长顺中街,长顺下街,长顺下街八宝街口,八宝街,西月城街,九里堤公交站,金仙桥,沙湾路,地铁沙湾站,地铁西南交大站,地铁星河站,地铁星河站,长庆东一路一品天下大街口,长庆东一路,长庆西一路,九里堤公交站,', 'fan_info': '九里堤公交站—石羊场公交站', 'fan_buff': '九里堤公交站,长庆东一路北,长庆东一路,长庆路口,地铁星河站,交大路西,西南交大,地铁西南交大站,地铁沙湾站,沙湾路,通锦桥,同心路口,西月城街,长顺下街,长顺中街,宽窄巷子,小南街北,小南街南,锦里中路,浆洗街(华西医院),洗面桥街,地铁衣冠庙站,永丰路,二环神仙树路口,二环紫荆北路口,石羊场公交站,新光路二环路口,桐梓林小区,新南天地,益州大道北段,府城大道益州大道口,府城大道一医院,府城大道剑南大道口,国防乐园,新园大道,石羊场公交站,'}
参考票价：扫码 刷卡 投币 2元
成都公交集团东星巴士有限公司
最后更新：2023-03-12
二环牛市口—大梁村公交站
大梁村公交站—二环牛市口
二环牛市口,海椒市东街,牛市口,经华南路,塔子山公园,五桂桥公交站,建材路口,迎晖路中,成渝立交西,富丽东方,和锦路口,洪河镇北路,省医院东院,十陵小区,双龙社区活动中心,地铁十陵站,地铁十陵站(B口),地铁成都大学站,成都大学,明蜀路,灵龙东路,大梁村公交站,
大梁村公交站,明蜀新村,成都大学,地铁成都大学站,地铁十陵站,双龙社区活动中心,十陵小区,蜀王大道牛角堰街口,芙蓉社区,省医院东院,和韵路口,成渝立交东,成渝立交西,地铁迎晖路站,五桂桥公交站,塔子山公园,二环牛市口,
{'bus_name': '成都94路公交车路线', 'bus_type': '[干线公交]', 'bus_time': '运行时间：二环牛市口07:00-22:45 大梁村公交站06:15-22:00', 'gongsi': '成都公交集团东星巴士有限公司', 'gengxin': '最后更新：2023-03-12', 'wang_info': '二环牛市口—大梁村公交站', 'wang_buff': '二环牛市口,海椒市东街,牛市口,经华南路,塔子山公园,五桂桥公交站,建材路口,迎晖路中,成渝立交西,富丽东方,和锦路口,洪河镇北路,省医院东院,十陵小区,双龙社区活动中心,地铁十陵站,地铁十陵站(B口),地铁成都大学站,成都大学,明蜀路,灵龙东路,大梁村公交站,', 'fan_info': '大梁村公交站—二环牛市口', 'fan_buff': '大梁村公交站,明蜀新村,成都大学,地铁成都大学站,地铁十陵站,双龙社区活动中心,十陵小区,蜀王大道牛角堰街口,芙蓉社区,省医院东院,和韵路口,成渝立交东,成渝立交西,地铁迎晖路站,五桂桥公交站,塔子山公园,二环牛市口,'}