,0
0,"b'<!DOCTYPE html><html lang=""zh-CN"" class="" ua-chrome ua-chrome108 ua-webkit is-anonymous ""><head><meta charset=""utf-8""/><meta htt'"
1,"b'p-equiv=""Pragma"" content=""no-cache""/><meta http-equiv=""X-UA-Compatible"" content=""IE=edge,chrome=1""/><meta http-equiv=""Expires"" c'"
2,"b'ontent=""Sun, 6 Mar 2005 01:00:00 GMT""/><meta property=""weixin:image"" content=""https://static.arkread.com/ark/pics/weixin_cover_n'"
3,"b'ew.be39d339.png""/><link rel=""shortcut icon"" href=""https://static.arkread.com/ark/pics/favicon/favicon.ba37640e.ico"" type=""image/'"
4,"b'x-icon""/><link rel=""mask-icon"" href=""https://static.arkread.com/ark/pics/favicon/safari-mask-icon.d3da4917.svg"" color=""#5795aa""/'"
5,"b'><link rel=""manifest"" href=""/manifest.webmanifest""/><title>\xe6\x8f\x90\xe4\xbe\x9b\xe6\x96\xb9\xe5\x88\x97\xe8\xa1\xa8 | \xe8\xb1\x86\xe7\x93\xa3\xe9\x98\x85\xe8\xaf\xbb</title><link type=""application/opensea'"
6,"b'rchdescription+xml"" rel=""search"" href=""/opensearch""/><link href=""https://static.arkread.com/ark/css/app/css-variable-generator.c'"
7,"b'9b35ccc.css"" rel=""stylesheet""/><script>\nvar Do=function(){Do.actions.push([].slice.call(arguments))};Do.ready=function(){Do.acti'"
8,"b'ons.push([].slice.call(arguments))},Do.add=Do.define=function(name,opts){Do.mods[name]=opts},Do.global=function(){Do.global.mods'"
9,"b'=Array.prototype.concat(Do.global.mods,[].slice.call(arguments))},Do.global.mods=[],Do.mods={},Do.actions=[];</script><link href'"
10,"b'=""https://static.arkread.com/ark/css/store/main.8492775e.css"" rel=""stylesheet""/><script src=""https://static.arkread.com/ark/js/l'"
11,"b'ib/define.499f2e7d.js""></script><script>\n  define.ns(\'Ark\')\n  define.config({\n    \'jquery\': \'$\'\n  , \'piwik\': \'Piwik\'\n  , \'mod/ga'"
12,"b""': 'Ark.ga'\n  , 'mod/cookie': 'Ark.cookie'\n  , 'mod/ajax': 'Ark.ajax'\n  , 'mod/emitter': 'Ark.Emitter'\n  , 'mod/lang': 'Ark._'\n """
13,"b"" , 'mod/template': 'Ark.template'\n  , 'mod/url': 'Ark.url'\n  , 'ui/slide': 'Ark.Slide'\n  , 'ui/overlay': 'Ark.overlay'\n  , 'ui/d"""
14,"b'ialog\': \'Ark.dialog\'\n  , \'widget/profile\': \'Ark.profile\'\n  })\n\n  Do.add(\'common\', {\n    path: ""https://static.arkread.com/ark/js'"
15,"b'/mod/common.356a5838.js""\n  , type: \'js\'\n  })\n\n  Do.add(\'mod/cookie\', {\n    path: ""https://static.arkread.com/ark/js/mod/cookie.4'"
16,"b'7a6451b.js""\n  , type: \'js\'\n  })\n\n  Do.add(\'mod/ajax\', {\n    path: ""https://static.arkread.com/ark/js/mod/ajax.79e8505b.js""\n     '"
17,"b' , requires: [\'mod/cookie\']\n    , type: \'js\'\n  })\n\n  Do.add(\'mod/ga\', {\n    path: ""https://static.arkread.com/ark/js/mod/ga.688a'"
18,"b'c4ad.js""\n  , type: \'js\'\n  })\n\n  Do.add(\'mod/lang\', {\n    path: ""https://static.arkread.com/ark/js/mod/lang.5d8e1a49.js""\n  , type'"
19,"b': \'js\'\n  })\n\n  Do.add(\'mod/emitter\', {\n    path: ""https://static.arkread.com/ark/js/mod/emitter.f2e50896.js""\n  , requires: [\'mod'"
20,"b'/lang\']\n  , type: \'js\'\n  })\n\n  Do.add(\'mod/template\', {\n    path: ""https://static.arkread.com/ark/js/mod/template.44f92028.js""\n '"
21,"b' , requires: [\'mod/lang\']\n  , type: \'js\'\n  })\n\n  Do.add(\'mod/url\', {\n    path: ""https://static.arkread.com/ark/js/mod/url.63bd7e'"
22,"b'cc.js""\n  , type: \'js\'\n  })\n\n  Do.add(\'widget/profile\', {\n    path: ""https://static.arkread.com/ark/js/widget/profile.ae2ef5b7.js'"
23,"b'""\n  , requires: [\'mod/template\', \'mod/cookie\']\n  , type: \'js\'\n  })\n\n  Do.add(\'ui/slide\', {\n    path: \'https://static.arkread.com'"
24,"b""/ark/js/ui/slide.f4114d9e.js'\n  , requires: ['mod/emitter']\n  , type: 'js'\n  })\n\n  Do.add('ui/overlay', {\n    path: 'https://sta"""
25,"b""tic.arkread.com/ark/js/ui/overlay.bd2db1ea.js'\n  , requires: ['mod/emitter']\n  , type: 'js'\n  })\n\n  Do.add('ui/dialog', {\n    pa"""
26,"b""th: 'https://static.arkread.com/ark/js/ui/dialog.649542a1.js'\n  , requires: ['ui/overlay', 'mod/emitter']\n  , type: 'js'\n  })\n</"""
27,"b""script><script>\ndefine.config({\n  'widget/purchase-mixin/ga': 'Ark.PurchaseMixinGa'\n, 'widget/afford-gift': 'Ark.AffordGiftWidge"""
28,"b't\'\n, \'lib/fsm\': \'StateMachine\'\n})\n\nDo.add(\'search\', {\n  path: ""https://static.arkread.com/ark/js/store/search.48d349a0.js"",\n  re'"
29,"b'quires: [\'mod/template\'],\n  type: \'js\'\n});\n\nDo(\'common\');</script><script>\n    define.ns(""Ark"");define.config({""widget/login-and'"
30,"b'-signup"": ""Ark.loginAndSignup""});Do.add(""widget/login-and-signup"", {""path"": ""https://static.arkread.com/ark/js/widget/login-and-'"
31,"b'signup.81d991fc.js"", ""export_name"": ""Ark.loginAndSignup"", ""requires"": [""ui/dialog"", ""mod/url""]})\n\n    Do.add(\'widget/store/login'"
32,"b""-and-signup'\n      , { path: 'https://static.arkread.com/ark/js/store/widget/login-and-signup.7a618f26.js'\n        , requires: ["""
33,"b""'widget/login-and-signup', 'mod/ga']\n        , type: 'js'})\n\n    var Ark = Ark || {}\n    Ark.DOUBAN_LOGIN_POPUP_URL = 'https://r"""
34,"b""ead.douban.com/accounts/passport/login_popup?source=ark'\n    Ark.usingLoginAndSignUpV1 = true\n    Do('widget/store/login-and-sig"""
35,"b'nup\')\n  </script><link href=""https://static.arkread.com/ark/css/store/v1-to-v3.3a78a7b1.css"" rel=""stylesheet""/><script>\nwindow.A'"
36,"b'rk = window.Ark || {}\nArk.user = {""isAnonymous"": true}\nArk.LOGIN_POPUP_URI = \'https://read.douban.com/accounts/passport/login_po'"
37,"b""pup?source=ark'\nArk.LOGIN_URL = 'https://read.douban.com/accounts/passport/login?source=ark'\nArk.BOUND_PHONE_URL = 'https://read"""
38,"b"".douban.com/accounts/passport/bind_phone?source=ark'\nArk.UNBOUND_PHONE_URL = 'https://read.douban.com/accounts/passport/unbind_p"""
39,"b""hone?source=ark'\nArk.CDN_PUBLIC_PATH = 'https://static.arkread.com/ark/'\nArk.OIA_URL = 'https://ark-oia.douban.com'</script><scr"""
40,"b'ipt>\nwindow.Ark = window.Ark || {};\nArk.kindTree = [{""children"": [{""children"": [], ""id"": 501, ""name"": ""\\u8a00\\u60c5\\u5c0f\\u8bf4""'"
41,"b'}, {""children"": [], ""id"": 532, ""name"": ""\\u5973\\u6027\\u5c0f\\u8bf4""}, {""children"": [], ""id"": 508, ""name"": ""\\u60ac\\u7591\\u5c0f\\u8bf'"
42,"b'4""}, {""children"": [], ""id"": 506, ""name"": ""\\u5e7b\\u60f3\\u5c0f\\u8bf4""}, {""children"": [], ""id"": 505, ""name"": ""\\u79d1\\u5e7b\\u5c0f\\u8'"
43,"b'bf4""}, {""children"": [], ""id"": 503, ""name"": ""\\u6587\\u827a\\u5c0f\\u8bf4""}, {""children"": [], ""id"": 510, ""name"": ""\\u5386\\u53f2\\u5c0f\\'"
44,"b'u8bf4""}, {""children"": [{""children"": [], ""id"": 517, ""name"": ""\\u6587\\u827a\\u6563\\u6587""}, {""children"": [], ""id"": 518, ""name"": ""\\u8'"
45,"b'bc4\\u8bba\\u968f\\u7b14""}, {""children"": [], ""id"": 519, ""name"": ""\\u6587\\u5316""}, {""children"": [], ""id"": 520, ""name"": ""\\u5386\\u53f2\\'"
46,"b'u7eaa\\u5b9e""}, {""children"": [], ""id"": 521, ""name"": ""\\u60c5\\u611f\\u6210\\u957f""}, {""children"": [], ""id"": 522, ""name"": ""\\u65c5\\u884'"
47,"b'c\\u6e38\\u8bb0""}, {""children"": [], ""id"": 523, ""name"": ""\\u751f\\u6d3b\\u98ce\\u5c1a""}, {""children"": [], ""id"": 525, ""name"": ""\\u79d1\\u6'"
48,"b'280\\u79d1\\u666e""}, {""children"": [], ""id"": 526, ""name"": ""\\u884c\\u4e1a""}, {""children"": [], ""id"": 527, ""name"": ""\\u6444\\u5f71""}, {""c'"
49,"b'hildren"": [], ""id"": 528, ""name"": ""\\u6f2b\\u753b\\u7ed8\\u672c""}, {""children"": [], ""id"": 529, ""name"": ""\\u8bbe\\u8ba1\\u827a\\u672f""}, {'"
50,"b'""children"": [], ""id"": 530, ""name"": ""\\u8bd7\\u6b4c""}, {""children"": [], ""id"": 531, ""name"": ""\\u5267\\u672c""}], ""id"": 516, ""name"": ""\\u'"
51,"b'975e\\u5c0f\\u8bf4""}], ""id"": 0, ""name"": ""\\u539f\\u521b\\u5199\\u4f5c""}, {""children"": [{""children"": [{""children"": [], ""id"": 113, ""name'"
52,"b'"": ""\\u4e16\\u754c\\u540d\\u8457""}, {""children"": [], ""id"": 114, ""name"": ""\\u5f71\\u89c6\\u539f\\u8457""}, {""children"": [], ""id"": 115, ""na'"
53,"b'me"": ""\\u63a8\\u7406\\u60ac\\u7591""}, {""children"": [], ""id"": 116, ""name"": ""\\u79d1\\u5e7b""}, {""children"": [], ""id"": 117, ""name"": ""\\u8a'"
54,"b'00\\u60c5""}, {""children"": [], ""id"": 118, ""name"": ""\\u9752\\u6625""}, {""children"": [], ""id"": 119, ""name"": ""\\u90fd\\u5e02""}, {""children'"
55,"b'"": [], ""id"": 120, ""name"": ""\\u5e7b\\u60f3""}, {""children"": [], ""id"": 121, ""name"": ""\\u6b66\\u4fa0""}, {""children"": [], ""id"": 122, ""nam'"
56,"b'e"": ""\\u5386\\u53f2""}, {""children"": [], ""id"": 123, ""name"": ""\\u5b98\\u573a""}, {""children"": [], ""id"": 124, ""name"": ""\\u519b\\u4e8b\\u621'"
57,"b'8\\u4e89""}, {""children"": [], ""id"": 125, ""name"": ""\\u4e2d\\u56fd\\u53e4\\u5178""}, {""children"": [], ""id"": 126, ""name"": ""\\u4e2d\\u56fd\\u7'"
58,"b'3b0\\u4ee3""}, {""children"": [], ""id"": 127, ""name"": ""\\u4e2d\\u56fd\\u5f53\\u4ee3""}, {""children"": [], ""id"": 128, ""name"": ""\\u5916\\u56fd\\'"
59,"b'u73b0\\u5f53\\u4ee3""}, {""children"": [], ""id"": 129, ""name"": ""\\u4e2d\\u77ed\\u7bc7\\u96c6""}, {""children"": [], ""id"": 130, ""name"": ""\\u517'"
60,"b'6\\u4ed6""}], ""id"": 100, ""name"": ""\\u5c0f\\u8bf4""}, {""children"": [{""children"": [], ""id"": 131, ""name"": ""\\u6587\\u5b66\\u7ecf\\u5178""}, {'"
61,"b'""children"": [], ""id"": 132, ""name"": ""\\u6563\\u6587\\u968f\\u7b14""}, {""children"": [], ""id"": 133, ""name"": ""\\u65e5\\u8bb0\\u4e66\\u4fe1""},'"
62,"b' {""children"": [], ""id"": 134, ""name"": ""\\u6f14\\u8bb2\\u8bbf\\u8c08""}, {""children"": [], ""id"": 135, ""name"": ""\\u7eaa\\u5b9e\\u6587\\u5b66""'"
63,"b'}, {""children"": [], ""id"": 136, ""name"": ""\\u4f20\\u8bb0\\u56de\\u5fc6""}, {""children"": [], ""id"": 137, ""name"": ""\\u8bd7\\u6b4c\\u53ca\\u8d4'"
64,"b'f\\u6790""}, {""children"": [], ""id"": 138, ""name"": ""\\u620f\\u5267\\u66f2\\u827a""}, {""children"": [], ""id"": 139, ""name"": ""\\u5bd3\\u8a00\\u7'"
65,"b'ae5\\u8bdd""}, {""children"": [], ""id"": 140, ""name"": ""\\u6587\\u5b66\\u53f2""}, {""children"": [], ""id"": 141, ""name"": ""\\u6587\\u5b66\\u7406\\'"
66,"b'u8bba\\u4e0e\\u6279\\u8bc4""}, {""children"": [], ""id"": 142, ""name"": ""\\u5176\\u4ed6""}], ""id"": 101, ""name"": ""\\u6587\\u5b66""}, {""children""'"
67,"b': [{""children"": [], ""id"": 143, ""name"": ""\\u7ecf\\u5178\\u8457\\u4f5c""}, {""children"": [], ""id"": 144, ""name"": ""\\u5fc3\\u7406\\u5b66""}, {'"
68,"b'""children"": [], ""id"": 145, ""name"": ""\\u793e\\u4f1a\\u5b66""}, {""children"": [], ""id"": 146, ""name"": ""\\u4eba\\u7c7b\\u5b66""}, {""children""'"
69,"b': [], ""id"": 147, ""name"": ""\\u5386\\u53f2""}, {""children"": [], ""id"": 148, ""name"": ""\\u54f2\\u5b66""}, {""children"": [], ""id"": 149, ""name'"
70,"b'"": ""\\u6587\\u5316""}, {""children"": [], ""id"": 150, ""name"": ""\\u5b97\\u6559""}, {""children"": [], ""id"": 151, ""name"": ""\\u653f\\u6cbb""}, {""'"
71,"b'children"": [], ""id"": 152, ""name"": ""\\u6cd5\\u5f8b""}, {""children"": [], ""id"": 153, ""name"": ""\\u6559\\u80b2\\u5b66""}, {""children"": [], ""'"
72,"b'id"": 154, ""name"": ""\\u65b0\\u95fb\\u4f20\\u64ad""}, {""children"": [], ""id"": 155, ""name"": ""\\u7f16\\u8f91\\u51fa\\u7248""}, {""children"": [],'"
73,"b' ""id"": 156, ""name"": ""\\u8003\\u53e4""}, {""children"": [], ""id"": 157, ""name"": ""\\u4eba\\u6587\\u5730\\u7406""}, {""children"": [], ""id"": 158'"
74,"b', ""name"": ""\\u8bed\\u8a00\\u6587\\u5b57""}, {""children"": [], ""id"": 159, ""name"": ""\\u519b\\u4e8b""}, {""children"": [], ""id"": 160, ""name"": '"
75,"b'""\\u5176\\u4ed6""}], ""id"": 102, ""name"": ""\\u4eba\\u6587\\u793e\\u79d1""}, {""children"": [{""children"": [], ""id"": 161, ""name"": ""\\u7ecf\\u517'"
76,"b'8\\u7545\\u9500""}, {""children"": [], ""id"": 162, ""name"": ""\\u521b\\u65b0\\u521b\\u4e1a""}, {""children"": [], ""id"": 163, ""name"": ""\\u5e02\\u5'"
77,"b'73a\\u8425\\u9500""}, {""children"": [], ""id"": 164, ""name"": ""\\u4f01\\u4e1a\\u7ecf\\u8425""}, {""children"": [], ""id"": 165, ""name"": ""\\u6295\\'"
78,"b'u8d44\\u7406\\u8d22""}, {""children"": [], ""id"": 166, ""name"": ""\\u9886\\u5bfc\\u529b""}, {""children"": [], ""id"": 167, ""name"": ""\\u8d22\\u52a'"
79,"b'1\\u4f1a\\u8ba1""}, {""children"": [], ""id"": 168, ""name"": ""\\u7ecf\\u6d4e""}, {""children"": [], ""id"": 169, ""name"": ""\\u91d1\\u878d""}, {""chi'"
80,"b'ldren"": [], ""id"": 170, ""name"": ""\\u7ba1\\u7406""}, {""children"": [], ""id"": 171, ""name"": ""\\u5176\\u4ed6""}], ""id"": 103, ""name"": ""\\u7ecf'"
81,"b'\\u6d4e\\u7ba1\\u7406""}, {""children"": [{""children"": [], ""id"": 172, ""name"": ""\\u79d1\\u666e\\u767e\\u79d1""}, {""children"": [], ""id"": 173,'"
82,"b' ""name"": ""\\u6570\\u5b66""}, {""children"": [], ""id"": 174, ""name"": ""\\u7269\\u7406""}, {""children"": [], ""id"": 175, ""name"": ""\\u5316\\u5b66'"
83,"b'""}, {""children"": [], ""id"": 176, ""name"": ""\\u5929\\u6587""}, {""children"": [], ""id"": 177, ""name"": ""\\u751f\\u7269""}, {""children"": [], ""'"
84,"b'id"": 178, ""name"": ""\\u533b\\u5b66""}, {""children"": [], ""id"": 179, ""name"": ""\\u81ea\\u7136\\u5730\\u7406""}, {""children"": [], ""id"": 180, '"
85,"b'""name"": ""\\u57ce\\u5e02\\u5efa\\u8bbe""}, {""children"": [], ""id"": 181, ""name"": ""\\u5de5\\u4e1a\\u6280\\u672f""}, {""children"": [], ""id"": 182'"
86,"b', ""name"": ""\\u519c\\u4e1a\\u6280\\u672f""}, {""children"": [], ""id"": 183, ""name"": ""\\u5176\\u4ed6""}], ""id"": 104, ""name"": ""\\u79d1\\u6280\\u7'"
87,"b'9d1\\u666e""}, {""children"": [{""children"": [], ""id"": 184, ""name"": ""\\u884c\\u4e1a\\u8d8b\\u52bf""}, {""children"": [], ""id"": 185, ""name"": '"
88,"b'""\\u4e91\\u8ba1\\u7b97\\u4e0e\\u5927\\u6570\\u636e""}, {""children"": [], ""id"": 186, ""name"": ""\\u79fb\\u52a8\\u4e92\\u8054\\u7f51""}, {""children'"
89,"b'"": [], ""id"": 187, ""name"": ""\\u4e92\\u8054\\u7f51\\u8425\\u9500""}, {""children"": [], ""id"": 188, ""name"": ""\\u529e\\u516c\\u8f6f\\u4ef6\\u6307'"
90,"b'\\u5357""}, {""children"": [], ""id"": 189, ""name"": ""\\u7f16\\u7a0b\\u8bed\\u8a00""}, {""children"": [], ""id"": 190, ""name"": ""\\u8f6f\\u4ef6\\u5f'"
91,"b'00\\u53d1\\u4e0e\\u5e94\\u7528""}, {""children"": [], ""id"": 191, ""name"": ""\\u786c\\u4ef6\\u5f00\\u53d1""}, {""children"": [], ""id"": 192, ""name'"
92,"b'"": ""\\u7f51\\u7edc\\u5b89\\u5168""}, {""children"": [], ""id"": 193, ""name"": ""\\u4eba\\u5de5\\u667a\\u80fd""}, {""children"": [], ""id"": 194, ""na'"
93,"b'me"": ""\\u5176\\u4ed6""}], ""id"": 105, ""name"": ""\\u8ba1\\u7b97\\u673a\\u4e0e\\u4e92\\u8054\\u7f51""}, {""children"": [{""children"": [], ""id"": 19'"
94,"b'5, ""name"": ""\\u6210\\u529f\\u5b66""}, {""children"": [], ""id"": 196, ""name"": ""\\u52b1\\u5fd7""}, {""children"": [], ""id"": 197, ""name"": ""\\u60'"
95,"b'c5\\u5546\\u4e0e\\u81ea\\u6211\\u63d0\\u5347""}, {""children"": [], ""id"": 198, ""name"": ""\\u601d\\u7ef4\\u667a\\u529b""}, {""children"": [], ""id""'"
96,"b': 199, ""name"": ""\\u6f14\\u8bb2\\u53e3\\u624d""}, {""children"": [], ""id"": 200, ""name"": ""\\u804c\\u573a""}, {""children"": [], ""id"": 201, ""na'"
97,"b'me"": ""\\u4eba\\u8109\\u4e0e\\u4eba\\u9645\\u5173\\u7cfb""}, {""children"": [], ""id"": 202, ""name"": ""\\u5176\\u4ed6""}], ""id"": 106, ""name"": ""\\u'"
98,"b'6210\\u529f\\u52b1\\u5fd7""}, {""children"": [{""children"": [], ""id"": 203, ""name"": ""\\u4e24\\u6027\\u60c5\\u611f""}, {""children"": [], ""id"": '"
99,"b'204, ""name"": ""\\u65c5\\u884c""}, {""children"": [], ""id"": 205, ""name"": ""\\u7f8e\\u98df\\u4e0e\\u53a8\\u827a""}, {""children"": [], ""id"": 206,'"
100,"b' ""name"": ""\\u65f6\\u5c1a\\u7f8e\\u5986""}, {""children"": [], ""id"": 207, ""name"": ""\\u5b55\\u4ea7\\u80b2\\u513f""}, {""children"": [], ""id"": 20'"
101,"b'8, ""name"": ""\\u517b\\u751f\\u4fdd\\u5065""}, {""children"": [], ""id"": 209, ""name"": ""\\u533b\\u5b66\\u5e38\\u8bc6""}, {""children"": [], ""id"": '"
102,"b'210, ""name"": ""\\u5bb6\\u5ead\\u533b\\u5b66""}, {""children"": [], ""id"": 211, ""name"": ""\\u4f53\\u80b2\\u5065\\u8eab""}, {""children"": [], ""id""'"
103,"b': 212, ""name"": ""\\u661f\\u5ea7\\u5360\\u535c""}, {""children"": [], ""id"": 213, ""name"": ""\\u6e38\\u620f\\u5a31\\u4e50""}, {""children"": [], ""i'"
104,"b'd"": 214, ""name"": ""\\u5ba0\\u7269\\u56ed\\u827a""}, {""children"": [], ""id"": 215, ""name"": ""\\u5176\\u4ed6""}], ""id"": 107, ""name"": ""\\u751f\\u'"
105,"b'6d3b""}, {""children"": [{""children"": [], ""id"": 216, ""name"": ""\\u5bb6\\u5ead\\u6559\\u80b2""}, {""children"": [], ""id"": 217, ""name"": ""\\u4e'"
106,"b'b2\\u5b50\\u9605\\u8bfb""}, {""children"": [], ""id"": 218, ""name"": ""\\u513f\\u7ae5\\u6587\\u5b66""}, {""children"": [], ""id"": 219, ""name"": ""\\u'"
107,"b'542f\\u8499\\u8bfb\\u672c""}, {""children"": [], ""id"": 220, ""name"": ""\\u5c11\\u513f\\u79d1\\u666e""}, {""children"": [], ""id"": 221, ""name"": ""'"
108,"b'\\u5176\\u4ed6""}], ""id"": 108, ""name"": ""\\u5c11\\u513f""}, {""children"": [{""children"": [], ""id"": 222, ""name"": ""\\u8bbe\\u8ba1""}, {""childr'"
109,"b'en"": [], ""id"": 223, ""name"": ""\\u6444\\u5f71""}, {""children"": [], ""id"": 224, ""name"": ""\\u7535\\u5f71""}, {""children"": [], ""id"": 225, ""n'"
110,"b'ame"": ""\\u97f3\\u4e50""}, {""children"": [], ""id"": 226, ""name"": ""\\u7f8e\\u672f""}, {""children"": [], ""id"": 227, ""name"": ""\\u5efa\\u7b51""},'"
111,"b' {""children"": [], ""id"": 228, ""name"": ""\\u5176\\u4ed6""}], ""id"": 109, ""name"": ""\\u827a\\u672f\\u8bbe\\u8ba1""}, {""children"": [{""children""'"
112,"b': [], ""id"": 229, ""name"": ""\\u6f2b\\u753b""}, {""children"": [], ""id"": 230, ""name"": ""\\u7ed8\\u672c""}, {""children"": [], ""id"": 231, ""name'"
113,"b'"": ""\\u5176\\u4ed6""}], ""id"": 110, ""name"": ""\\u6f2b\\u753b\\u7ed8\\u672c""}, {""children"": [{""children"": [], ""id"": 232, ""name"": ""\\u5916\\u'"
114,"b'8bed\\u5b66\\u4e60""}, {""children"": [], ""id"": 233, ""name"": ""\\u6559\\u6750\\u6559\\u8f85""}, {""children"": [], ""id"": 234, ""name"": ""\\u56fd'"
115,"b'\\u5916\\u6559\\u6750""}, {""children"": [], ""id"": 235, ""name"": ""\\u5176\\u4ed6""}], ""id"": 111, ""name"": ""\\u6559\\u80b2\\u8003\\u8bd5""}, {""ch'"
116,"b'ildren"": [{""children"": [], ""id"": 18, ""name"": ""\\u5c0f\\u8bf4\\u89c6\\u754c""}, {""children"": [], ""id"": 19, ""name"": ""\\u65b0\\u95fb\\u4eba'"
117,"b'\\u7269""}, {""children"": [], ""id"": 20, ""name"": ""\\u6587\\u827a\\u5c0f\\u8d4f""}, {""children"": [], ""id"": 21, ""name"": ""\\u751f\\u6d3b\\u4f11'"
118,"b'\\u95f2""}, {""children"": [], ""id"": 22, ""name"": ""\\u767e\\u79d1\\u4e07\\u8c61""}], ""id"": 2, ""name"": ""\\u6742\\u5fd7""}], ""id"": 1, ""name"": ""'"
119,"b'\\u51fa\\u7248""}];\nArk.kindIdMap = {""ORIGIN_WORKS"": 0, ""CN_BOOK"": 1, ""ORIGIN_NON_FICTION"": 516};</script><link href=""https://stati'"
120,"b'c.arkread.com/ark/css/store/provider/all.3114948c.css"" rel=""stylesheet""/><script async=""async"" src=""https://www.googletagmanager'"
121,"b'.com/gtag/js?id=G-RXNMP372GL""></script><script>\nwindow.dataLayer = window.dataLayer || [];\nfunction gtag(){dataLayer.push(argume'"
122,"b""nts);}\ngtag('js', new Date());\ngtag('config', 'G-RXNMP372GL');</script><script>\n(function(i,s,o,g,r,a,m){i['GoogleAnalyticsObjec"""
123,"b""t']=r;i[r]=i[r]||function(){\n(i[r].q=i[r].q||[]).push(arguments)},i[r].l=1*new Date();a=s.createElement(o),\nm=s.getElementsByTag"""
124,"b""Name(o)[0];a.async=1;a.src=g;m.parentNode.insertBefore(a,m)\n})(window,document,'script','//www.google-analytics.com/analytics.js"""
125,"b'\',\'ga\');</script><script>\nga(\'create\', \'UA-7019765-12\');</script><script>\nwindow.Ark = window.Ark || {};\nArk.features = {""captch'"
126,"b'a"": false, ""contest_5/short_list"": true, ""fanfiction"": false, ""notifications/works_message"": false, ""contest_5/short_list_issue_'"
127,"b'2"": true};</script></head><body itemscope itemtype=""http://schema.org/WebPage""><div class=""wrapper""><div id=""react-root""></div><'"
128,"b'script>\nArk.headerData = {""storeTypes"": [""normal"", ""original""], ""mobileMoreMenu"": [[""original"", ""\\u4f5c\\u54c1\\u5546\\u5e97"", ""/eb'"
129,"b'ooks/"", false], [""competition_all"", ""\\u5f81\\u6587\\u4e13\\u533a"", ""/competition/all"", false], [""saleofrights"", ""\\u51fa\\u7248\\u4e0e'"
130,"b'\\u6539\\u7f16"", ""/bulletins/saleofrights/"", false]], ""notiCount"": 0, ""forceMobile"": false, ""shouldStick"": true, ""navMap"": {""origi'"
131,"b'nal"": [[""original"", ""\\u539f\\u521b\\u9996\\u9875"", ""/"", false], [""finalized"", ""\\u5b8c\\u672c"", ""/original/finalized"", false], [""char'"
132,"b't"", ""\\u6392\\u884c"", ""/charts"", false], [""original/romance_fiction"", ""\\u8a00\\u60c5"", ""/original/romance_fiction"", false], [""origi'"
133,"b'nal/mystery_fiction"", ""\\u60ac\\u7591"", ""/original/mystery_fiction"", false], [""original/womens_fiction"", ""\\u5973\\u6027"", ""/origina'"
134,"b'l/womens_fiction"", false], [""original/science_fiction"", ""\\u5e7b\\u60f3"", ""/original/science_fiction"", false], [""original/literary'"
135,"b'_fiction"", ""\\u6587\\u827a"", ""/original/literary_fiction"", false], [""competition_all"", ""\\u5f81\\u6587\\u4e13\\u533a"", ""/competition/a'"
136,"b'll"", false], [""original_more"", """", """", false], [""ebook"", ""\\u51fa\\u7248"", ""/ebooks/"", false], [""membership"", ""\\u4f1a\\u5458"", ""/me'"
137,"b'mbership/store/"", false], [""app"", ""App"", ""/app"", false]], ""normal"": [[""original"", ""\\u539f\\u521b"", ""/"", false], [""chart"", ""\\u6392'"
138,"b'\\u884c"", ""/charts"", false], [""ebook"", ""\\u51fa\\u7248"", ""/ebooks/"", false], [""membership"", ""\\u4f1a\\u5458"", ""/membership/store/"", f'"
139,"b'alse], [""app"", ""App"", ""/app"", false]]}, ""isAdmin"": false, ""isAgent"": false, ""cartCount"": 0, ""subscriptionNotiCount"": 0, ""storeTy'"
140,"b'pe"": ""normal"", ""currentNav"": """", ""originalSubNav"": [[""original"", ""\\u9996\\u9875"", ""/"", false], [""finalized"", ""\\u5b8c\\u672c"", ""/or'"
141,"b'iginal/finalized"", false], [""original/romance_fiction"", ""\\u8a00\\u60c5"", ""/original/romance_fiction"", false], [""original/mystery_'"
142,"b'fiction"", ""\\u60ac\\u7591"", ""/original/mystery_fiction"", false], [""original/womens_fiction"", ""\\u5973\\u6027"", ""/original/womens_fic'"
143,"b'tion"", false], [""original/science_fiction"", ""\\u5e7b\\u60f3"", ""/original/science_fiction"", false], [""original/literary_fiction"", ""'"
144,"b'\\u6587\\u827a"", ""/original/literary_fiction"", false], [""competition_all"", ""\\u5f81\\u6587\\u4e13\\u533a"", ""/competition/all"", false],'"
145,"b' [""saleofrights"", ""\\u51fa\\u7248\\u4e0e\\u6539\\u7f16"", ""/bulletins/saleofrights/"", false]], ""originalMoreMenu"": [[""saleofrights"", ""'"
146,"b'\\u51fa\\u7248\\u4e0e\\u6539\\u7f16"", ""/bulletins/saleofrights/"", false]]};</script><div id=""header-container""><header id=""header-com'"
147,"b'pact-v3"" class=""pre-rendered-header should-stick ""><div class=""header-inner""><a href=""/"" title=""\xe8\xb1\x86\xe7\x93\xa3\xe9\x98\x85\xe8\xaf\xbb"" class=""site-logo"">'"
148,"b'</a><nav class=""func-nav""><ul><li><button title=""\xe5\x88\x86\xe7\xb1\xbb"" class=""nav-category fill-current-color""><svg xmlns=""http://www.w3.org/2'"
149,"b'000/svg"" width=""10"" height=""7"" viewBox=""0 0 10 7""><path fill=""#a6a6a6"" d=""M0 0h10v.7H0zm0 2.1h10v.7H0zm0 2.1h10v.7H0zm0 2.1h10V7'"
150,"b'H0z""/></svg><span class=""text"">\xe5\x88\x86\xe7\xb1\xbb</span></button></li><li><button title=""\xe6\x90\x9c\xe7\xb4\xa2"" class=""nav-search fill-current-color""><svg '"
151,"b'xmlns=""http://www.w3.org/2000/svg"" width=""14"" viewBox=""0 0 14 14""><path fill=""#ffffff"" d=""M14,12.83l-2.19-2.19a6.61,6.61,0,1,0-1'"
152,"b'.17,1.17L12.83,14ZM2.5,10.7a5.8,5.8,0,0,1,8.2-8.2,5.8,5.8,0,0,1-8.2,8.2Z""/></svg><span class=""text"">\xe6\x90\x9c\xe7\xb4\xa2</span></button></li><'"
153,"b'/ul></nav><div class=""site-nav-container""></div><div id=""nav-submit"" class=""nav-submit""><!-- _performtips_ --><a href=""/submit"" '"
154,"b'target=""_blank"" class=""lnk-start-publish fill-current-color"">\xe6\x88\x90\xe4\xb8\xba\xe4\xbd\x9c\xe8\x80\x85</a></div><div id=""user-info"" class=""user-info""><div cl'"
155,"b'ass=""login-buttons""><a data-size=""xs"" href=""https://read.douban.com/accounts/passport/login?source=ark"" class=""btn-contained log'"
156,"b'in""><span class=""text"">\xe7\x99\xbb\xe5\xbd\x95 / \xe6\xb3\xa8\xe5\x86\x8c</span></a></div></div></div></header></div><div class=""main"" ><section class=""provider-se'"
157,"b'ction""><div class=""hd""><h2 class=""title"">\xe6\x8f\x90\xe4\xbe\x9b\xe6\x96\xb9\xe5\x88\x97\xe8\xa1\xa8</h2></div><div class=""bd""><ul class=""provider-index""><li class=""item""><'"
158,"b'a href=""#B"">B</a></li><li class=""item""><a href=""#C"">C</a></li><li class=""item""><a href=""#D"">D</a></li><li class=""item""><a href=""'"
159,"b'#F"">F</a></li><li class=""item""><a href=""#G"">G</a></li><li class=""item""><a href=""#H"">H</a></li><li class=""item""><a href=""#J"">J</a'"
160,"b'></li><li class=""item""><a href=""#K"">K</a></li><li class=""item""><a href=""#L"">L</a></li><li class=""item""><a href=""#M"">M</a></li><l'"
161,"b'i class=""item""><a href=""#P"">P</a></li><li class=""item""><a href=""#Q"">Q</a></li><li class=""item""><a href=""#R"">R</a></li><li class='"
162,"b'""item""><a href=""#S"">S</a></li><li class=""item""><a href=""#T"">T</a></li><li class=""item""><a href=""#W"">W</a></li><li class=""item""><'"
163,"b'a href=""#X"">X</a></li><li class=""item""><a href=""#Y"">Y</a></li><li class=""item""><a href=""#Z"">Z</a></li></ul><div class=""provider-'"
164,"b'list""><div id=""B"" class=""provider-group""><div class=""index-name"">B</div><ul class=""provider-items""><li><a href=""/provider/636871'"
165,"b'23/"" class=""provider-item""><div class=""col-media""><div class=""cm-left avatar""><div class=""avatar""><img src=""https://pic.arkread.'"
166,"b'com/avatar/agent/u/64976364bf25f8e!avatar_agent.jpg""/></div></div><div class=""cm-body""><div class=""name"">\xe5\x8d\x9a\xe9\x9b\x86\xe5\xa4\xa9\xe5\x8d\xb7</div><div '"
167,"b'class=""works-num"">1848 \xe9\x83\xa8\xe4\xbd\x9c\xe5\x93\x81\xe5\x9c\xa8\xe5\x94\xae</div></div></div></a></li><li><a href=""/provider/63759099/"" class=""provider-item""><div cl'"
168,"b'ass=""col-media""><div class=""cm-left avatar""><div class=""avatar""><img src=""https://img2.doubanio.com/icon/up188964228-2.jpg""/></d'"
169,"b'iv></div><div class=""cm-body""><div class=""name"">\xe5\x85\xab\xe5\x85\x89\xe5\x88\x86\xe6\x96\x87\xe5\x8c\x96</div><div class=""works-num"">40 \xe9\x83\xa8\xe4\xbd\x9c\xe5\x93\x81\xe5\x9c\xa8\xe5\x94\xae</div></div></div>'"
170,"b'</a></li></ul></div><div id=""C"" class=""provider-group""><div class=""index-name"">C</div><ul class=""provider-items""><li><a href=""/p'"
171,"b'rovider/63694107/"" class=""provider-item""><div class=""col-media""><div class=""cm-left avatar""><div class=""avatar""><img src=""https:'"
172,"b'//pic.arkread.com/avatar/agent/u/e3c27fee5376169!avatar_agent.jpg""/></div></div><div class=""cm-body""><div class=""name"">\xe9\x87\x8d\xe5\xba\x86\xe5\xa4\xa7'"
173,"b'\xe5\xad\xa6\xe5\x87\xba\xe7\x89\x88\xe7\xa4\xbe</div><div class=""works-num"">91 \xe9\x83\xa8\xe4\xbd\x9c\xe5\x93\x81\xe5\x9c\xa8\xe5\x94\xae</div></div></div></a></li><li><a href=""/provider/63798025/"" class=""p'"
174,"b'rovider-item""><div class=""col-media""><div class=""cm-left avatar""><div class=""avatar""><img src=""https://pic.arkread.com/avatar/ag'"
175,"b'ent/u/86da7b7656ac8ff!avatar_agent.jpg""/></div></div><div class=""cm-body""><div class=""name"">\xe9\x87\x8d\xe5\xba\x86\xe5\x87\xba\xe7\x89\x88\xe9\x9b\x86\xe5\x9b\xa2</div><div class=""'"
176,"b'works-num"">314 \xe9\x83\xa8\xe4\xbd\x9c\xe5\x93\x81\xe5\x9c\xa8\xe5\x94\xae</div></div></div></a></li></ul></div><div id=""D"" class=""provider-group""><div class=""index-name"">D'"
177,"b'</div><ul class=""provider-items""><li><a href=""/provider/63688196/"" class=""provider-item""><div class=""col-media""><div class=""cm-l'"
178,"b'eft avatar""><div class=""avatar""><img src=""https://pic.arkread.com/avatar/agent/u/3bb9dc97d4c2545!avatar_agent.jpg""/></div></div>'"
179,"b'<div class=""cm-body""><div class=""name"">\xe8\xaf\xbb\xe5\xae\xa2\xe6\x96\x87\xe5\x8c\x96</div><div class=""works-num"">1448 \xe9\x83\xa8\xe4\xbd\x9c\xe5\x93\x81\xe5\x9c\xa8\xe5\x94\xae</div></div></div></a></li><'"
180,"b'li><a href=""/provider/63688695/"" class=""provider-item""><div class=""col-media""><div class=""cm-left avatar""><div class=""avatar""><i'"
181,"b'mg src=""https://pic.arkread.com/avatar/agent/u/af69dd7c04b9c2f!avatar_agent.jpg""/></div></div><div class=""cm-body""><div class=""n'"
182,"b'ame"">\xe7\x94\xb5\xe5\xad\x90\xe5\xb7\xa5\xe4\xb8\x9a\xe5\x87\xba\xe7\x89\x88\xe7\xa4\xbe</div><div class=""works-num"">2556 \xe9\x83\xa8\xe4\xbd\x9c\xe5\x93\x81\xe5\x9c\xa8\xe5\x94\xae</div></div></div></a></li><li><a href=""/provider/637'"
183,"b'50179/"" class=""provider-item""><div class=""col-media""><div class=""cm-left avatar""><div class=""avatar""><img src=""https://pic.arkre'"
184,"b'ad.com/avatar/agent/u/1d544042485f244!avatar_agent.jpg""/></div></div><div class=""cm-body""><div class=""name"">\xe5\xa4\xa7\xe6\x98\x9f\xe6\x96\x87\xe5\x8c\x96</div><d'"
185,"b'iv class=""works-num"">112 \xe9\x83\xa8\xe4\xbd\x9c\xe5\x93\x81\xe5\x9c\xa8\xe5\x94\xae</div></div></div></a></li></ul></div><div id=""F"" class=""provider-group""><div class=""ind'"
186,"b'ex-name"">F</div><ul class=""provider-items""><li><a href=""/provider/3262874/"" class=""provider-item""><div class=""col-media""><div cl'"
187,"b'ass=""cm-left avatar""><div class=""avatar""><img src=""https://pic.arkread.com/avatar/agent/u/e1779c546ecfaad!avatar_agent.jpg""/></d'"
188,"b'iv></div><div class=""cm-body""><div class=""name"">\xe5\x87\xa4\xe5\x87\xb0\xe5\xa3\xb9\xe5\x8a\x9b</div><div class=""works-num"">369 \xe9\x83\xa8\xe4\xbd\x9c\xe5\x93\x81\xe5\x9c\xa8\xe5\x94\xae</div></div></div></'"
189,"b'a></li><li><a href=""/provider/63916630/"" class=""provider-item""><div class=""col-media""><div class=""cm-left avatar""><div class=""av'"
190,"b'atar""><img src=""https://pic.arkread.com/avatar/agent/u/b9ae8b1765f5624!avatar_agent.jpg""/></div></div><div class=""cm-body""><div '"
191,"b'class=""name"">\xe5\x87\xa4\xe5\x87\xb0\xe5\x87\xba\xe7\x89\x88\xe7\xa4\xbe</div><div class=""works-num"">51 \xe9\x83\xa8\xe4\xbd\x9c\xe5\x93\x81\xe5\x9c\xa8\xe5\x94\xae</div></div></div></a></li></ul></div><div id=""G"" cla'"
192,"b'ss=""provider-group""><div class=""index-name"">G</div><ul class=""provider-items""><li><a href=""/provider/63687157/"" class=""provider-'"
193,"b'item""><div class=""col-media""><div class=""cm-left avatar""><div class=""avatar""><img src=""https://pic.arkread.com/avatar/agent/u/83'"
194,"b'69380d1d15d66!avatar_agent.jpg""/></div></div><div class=""cm-body""><div class=""name"">\xe6\x9e\x9c\xe9\xba\xa6\xe6\x96\x87\xe5\x8c\x96</div><div class=""works-num"">101'"
195,"b'2 \xe9\x83\xa8\xe4\xbd\x9c\xe5\x93\x81\xe5\x9c\xa8\xe5\x94\xae</div></div></div></a></li><li><a href=""/provider/63687156/"" class=""provider-item""><div class=""col-media""><div '"
196,"b'class=""cm-left avatar""><div class=""avatar""><img src=""https://pic.arkread.com/avatar/agent/u/41c477067482112!avatar_agent.jpg""/><'"
197,"b'/div></div><div class=""cm-body""><div class=""name"">\xe5\xb9\xbf\xe8\xa5\xbf\xe5\xb8\x88\xe8\x8c\x83\xe5\xa4\xa7\xe5\xad\xa6\xe5\x87\xba\xe7\x89\x88\xe7\xa4\xbe\xef\xbc\x88\xe4\xb8\x8a\xe6\xb5\xb7\xef\xbc\x89\xe6\x9c\x89\xe9\x99\x90\xe5\x85\xac\xe5\x8f\xb8</div><div class=""works-num'"
198,"b'"">525 \xe9\x83\xa8\xe4\xbd\x9c\xe5\x93\x81\xe5\x9c\xa8\xe5\x94\xae</div></div></div></a></li></ul></div><div id=""H"" class=""provider-group""><div class=""index-name"">H</div><ul'"
199,"b' class=""provider-items""><li><a href=""/provider/63687218/"" class=""provider-item""><div class=""col-media""><div class=""cm-left avata'"
200,"b'r""><div class=""avatar""><img src=""https://pic.arkread.com/avatar/agent/u/68fb3758af6bfd8!avatar_agent.jpg""/></div></div><div clas'"
201,"b's=""cm-body""><div class=""name"">\xe5\x90\x8e\xe6\xb5\xaa\xe5\x87\xba\xe7\x89\x88\xe5\x85\xac\xe5\x8f\xb8</div><div class=""works-num"">650 \xe9\x83\xa8\xe4\xbd\x9c\xe5\x93\x81\xe5\x9c\xa8\xe5\x94\xae</div></div></div></a></li><li><'"
202,"b'a href=""/provider/63687383/"" class=""provider-item""><div class=""col-media""><div class=""cm-left avatar""><div class=""avatar""><img s'"
203,"b'rc=""https://pic.arkread.com/avatar/agent/u/9027f256a944b2a!avatar_agent.jpg""/></div></div><div class=""cm-body""><div class=""name""'"
204,"b'>\xe6\xb9\x96\xe5\x8d\x97\xe6\x96\x87\xe8\x89\xba\xe5\x87\xba\xe7\x89\x88\xe7\xa4\xbe</div><div class=""works-num"">44 \xe9\x83\xa8\xe4\xbd\x9c\xe5\x93\x81\xe5\x9c\xa8\xe5\x94\xae</div></div></div></a></li><li><a href=""/provider/63750671/'"
205,"b'"" class=""provider-item""><div class=""col-media""><div class=""cm-left avatar""><div class=""avatar""><img src=""https://pic.arkread.com'"
206,"b'/avatar/agent/u/23815c2752aa7f5!avatar_agent.jpg""/></div></div><div class=""cm-body""><div class=""name"">\xe6\xb9\x96\xe5\x8d\x97\xe7\xa7\x91\xe5\xad\xa6\xe6\x8a\x80\xe6\x9c\xaf\xe5\x87\xba\xe7\x89\x88\xe7\xa4'"
207,"b'\xbe</div><div class=""works-num"">406 \xe9\x83\xa8\xe4\xbd\x9c\xe5\x93\x81\xe5\x9c\xa8\xe5\x94\xae</div></div></div></a></li><li><a href=""/provider/1908130/"" class=""provider-ite'"
208,"b'm""><div class=""col-media""><div class=""cm-left avatar""><div class=""avatar""><img src=""https://pic.arkread.com/avatar/agent/u/7bf72'"
209,"b'0628506b8c!avatar_agent.jpg""/></div></div><div class=""cm-body""><div class=""name"">\xe6\x9d\xad\xe5\xb7\x9e\xe8\x93\x9d\xe7\x8b\xae\xe5\xad\x90\xe6\x96\x87\xe5\x8c\x96\xe5\x88\x9b\xe6\x84\x8f\xe8\x82\xa1\xe4\xbb\xbd\xe6\x9c\x89\xe9\x99\x90\xe5\x85\xac\xe5\x8f\xb8</'"
210,"b'div><div class=""works-num"">466 \xe9\x83\xa8\xe4\xbd\x9c\xe5\x93\x81\xe5\x9c\xa8\xe5\x94\xae</div></div></div></a></li><li><a href=""/provider/63694480/"" class=""provider-item""'"
211,"b'><div class=""col-media""><div class=""cm-left avatar""><div class=""avatar""><img src=""https://pic.arkread.com/avatar/agent/u/ebb111c'"
212,"b'3d0ab3b6!avatar_agent.jpg""/></div></div><div class=""cm-body""><div class=""name"">\xe5\x8d\x8e\xe5\xa4\x8f\xe7\x9b\x9b\xe8\xbd\xa9</div><div class=""works-num"">397 \xe9\x83\xa8\xe4'"
213,"b'\xbd\x9c\xe5\x93\x81\xe5\x9c\xa8\xe5\x94\xae</div></div></div></a></li></ul></div><div id=""J"" class=""provider-group""><div class=""index-name"">J</div><ul class=""pr'"
214,"b'ovider-items""><li><a href=""/provider/63697632/"" class=""provider-item""><div class=""col-media""><div class=""cm-left avatar""><div cl'"
215,"b'ass=""avatar""><img src=""https://pic.arkread.com/avatar/agent/u/372d1d9604cb597!avatar_agent.jpg""/></div></div><div class=""cm-body'"
216,"b'""><div class=""name"">\xe6\xb1\x9f\xe8\x8b\x8f\xe4\xba\xba\xe6\xb0\x91\xe5\x87\xba\xe7\x89\x88\xe7\xa4\xbe</div><div class=""works-num"">1051 \xe9\x83\xa8\xe4\xbd\x9c\xe5\x93\x81\xe5\x9c\xa8\xe5\x94\xae</div></div></div></a></li><li><a href'"
217,"b'=""/provider/63732802/"" class=""provider-item""><div class=""col-media""><div class=""cm-left avatar""><div class=""avatar""><img src=""ht'"
218,"b'tps://pic.arkread.com/avatar/agent/u/996d5cef0ddfbca!avatar_agent.jpg""/></div></div><div class=""cm-body""><div class=""name"">\xe6\xb1\x9f\xe8\x8b'"
219,"b'\x8f\xe5\x87\xa4\xe5\x87\xb0\xe6\x96\x87\xe8\x89\xba\xe5\x87\xba\xe7\x89\x88\xe7\xa4\xbe</div><div class=""works-num"">235 \xe9\x83\xa8\xe4\xbd\x9c\xe5\x93\x81\xe5\x9c\xa8\xe5\x94\xae</div></div></div></a></li><li><a href=""/provider/63938455'"
220,"b'/"" class=""provider-item""><div class=""col-media""><div class=""cm-left avatar""><div class=""avatar""><img src=""https://pic.arkread.co'"
221,"b'm/avatar/agent/u/726da6273aeab97!avatar_agent.jpg""/></div></div><div class=""cm-body""><div class=""name"">\xe6\x9c\xba\xe6\xa2\xb0\xe5\xb7\xa5\xe4\xb8\x9a\xe5\x87\xba\xe7\x89\x88\xe7\xa4\xbe</di'"
222,"b'v><div class=""works-num"">2482 \xe9\x83\xa8\xe4\xbd\x9c\xe5\x93\x81\xe5\x9c\xa8\xe5\x94\xae</div></div></div></a></li></ul></div><div id=""K"" class=""provider-group""><div class'"
223,"b'=""index-name"">K</div><ul class=""provider-items""><li><a href=""/provider/63686930/"" class=""provider-item""><div class=""col-media""><'"
224,"b'div class=""cm-left avatar""><div class=""avatar""><img src=""https://pic.arkread.com/avatar/agent/u/9190a9bcbfe2231!avatar_agent.jpg'"
225,"b'""/></div></div><div class=""cm-body""><div class=""name"">\xe7\xa7\x91\xe5\xb9\xbb\xe4\xb8\x96\xe7\x95\x8c</div><div class=""works-num"">352 \xe9\x83\xa8\xe4\xbd\x9c\xe5\x93\x81\xe5\x9c\xa8\xe5\x94\xae</div></div></'"
226,"b'div></a></li></ul></div><div id=""L"" class=""provider-group""><div class=""index-name"">L</div><ul class=""provider-items""><li><a href'"
227,"b'=""/provider/2637315/"" class=""provider-item""><div class=""col-media""><div class=""cm-left avatar""><div class=""avatar""><img src=""htt'"
228,"b'ps://pic.arkread.com/avatar/agent/u/f7a6875f5788222!avatar_agent.jpg""/></div></div><div class=""cm-body""><div class=""name"">\xe7\x90\x86\xe6\x83\xb3'"
229,"b'\xe5\x9b\xbd</div><div class=""works-num"">979 \xe9\x83\xa8\xe4\xbd\x9c\xe5\x93\x81\xe5\x9c\xa8\xe5\x94\xae</div></div></div></a></li><li><a href=""/provider/63748750/"" class=""provider-'"
230,"b'item""><div class=""col-media""><div class=""cm-left avatar""><div class=""avatar""><img src=""https://pic.arkread.com/avatar/agent/u/52'"
231,"b'a8d5bd38cd2ac!avatar_agent.jpg""/></div></div><div class=""cm-body""><div class=""name"">\xe8\x81\x94\xe5\x90\x88\xe8\xaf\xbb\xe5\x88\x9b</div><div class=""works-num"">519'"
232,"b' \xe9\x83\xa8\xe4\xbd\x9c\xe5\x93\x81\xe5\x9c\xa8\xe5\x94\xae</div></div></div></a></li><li><a href=""/provider/63727492/"" class=""provider-item""><div class=""col-media""><div c'"
233,"b'lass=""cm-left avatar""><div class=""avatar""><img src=""https://pic.arkread.com/avatar/agent/u/b3565491873707b!avatar_agent.jpg""/></'"
234,"b'div></div><div class=""cm-body""><div class=""name"">\xe9\xa2\x86\xe8\xaf\xbb\xe6\x96\x87\xe5\x8c\x96</div><div class=""works-num"">224 \xe9\x83\xa8\xe4\xbd\x9c\xe5\x93\x81\xe5\x9c\xa8\xe5\x94\xae</div></div></div><'"
235,"b'/a></li></ul></div><div id=""M"" class=""provider-group""><div class=""index-name"">M</div><ul class=""provider-items""><li><a href=""/pr'"
236,"b'ovider/63687209/"" class=""provider-item""><div class=""col-media""><div class=""cm-left avatar""><div class=""avatar""><img src=""https:/'"
237,"b'/pic.arkread.com/avatar/agent/u/c9998c8c50d0c97!avatar_agent.jpg""/></div></div><div class=""cm-body""><div class=""name"">\xe7\xa3\xa8\xe9\x93\x81\xe6\x95\xb0\xe7'"
238,"b'\x9b\x9f</div><div class=""works-num"">2047 \xe9\x83\xa8\xe4\xbd\x9c\xe5\x93\x81\xe5\x9c\xa8\xe5\x94\xae</div></div></div></a></li><li><a href=""/provider/63911064/"" class=""provider-'"
239,"b'item""><div class=""col-media""><div class=""cm-left avatar""><div class=""avatar""><img src=""https://img9.doubanio.com/icon/up23496704'"
240,"b'4-6.jpg""/></div></div><div class=""cm-body""><div class=""name"">\xe6\x98\x8e\xe5\xae\xa4Lucida</div><div class=""works-num"">1 \xe9\x83\xa8\xe4\xbd\x9c\xe5\x93\x81\xe5\x9c\xa8\xe5\x94\xae</div></d'"
241,"b'iv></div></a></li></ul></div><div id=""P"" class=""provider-group""><div class=""index-name"">P</div><ul class=""provider-items""><li><a'"
242,"b' href=""/provider/63688444/"" class=""provider-item""><div class=""col-media""><div class=""cm-left avatar""><div class=""avatar""><img sr'"
243,"b'c=""https://pic.arkread.com/avatar/agent/u/85e8af68701b47e!avatar_agent.jpg""/></div></div><div class=""cm-body""><div class=""name"">'"
244,"b'\xe6\xb5\xa6\xe7\x9d\xbf\xe6\x96\x87\xe5\x8c\x96</div><div class=""works-num"">91 \xe9\x83\xa8\xe4\xbd\x9c\xe5\x93\x81\xe5\x9c\xa8\xe5\x94\xae</div></div></div></a></li></ul></div><div id=""Q"" class=""provider-gro'"
245,"b'up""><div class=""index-name"">Q</div><ul class=""provider-items""><li><a href=""/provider/63687372/"" class=""provider-item""><div class'"
246,"b'=""col-media""><div class=""cm-left avatar""><div class=""avatar""><img src=""https://pic.arkread.com/avatar/agent/u/23b787c4090fb99!av'"
247,"b'atar_agent.jpg""/></div></div><div class=""cm-body""><div class=""name"">\xe6\xb8\x85\xe5\x8d\x8e\xe5\xa4\xa7\xe5\xad\xa6\xe5\x87\xba\xe7\x89\x88\xe7\xa4\xbe</div><div class=""works-num"">2556 \xe9\x83\xa8\xe4\xbd'"
248,"b'\x9c\xe5\x93\x81\xe5\x9c\xa8\xe5\x94\xae</div></div></div></a></li><li><a href=""/provider/63699828/"" class=""provider-item""><div class=""col-media""><div class=""'"
249,"b'cm-left avatar""><div class=""avatar""><img src=""https://pic.arkread.com/avatar/agent/u/de8580eea0a08de!avatar_agent.jpg""/></div></'"
250,"b'div><div class=""cm-body""><div class=""name"">\xe9\x9d\x92\xe5\xb2\x9b\xe5\x87\xba\xe7\x89\x88\xe7\xa4\xbe</div><div class=""works-num"">196 \xe9\x83\xa8\xe4\xbd\x9c\xe5\x93\x81\xe5\x9c\xa8\xe5\x94\xae</div></div></div></a>'"
251,"b'</li><li><a href=""/provider/63798633/"" class=""provider-item""><div class=""col-media""><div class=""cm-left avatar""><div class=""avat'"
252,"b'ar""><img src=""https://img9.doubanio.com/icon/up2105120-6.jpg""/></div></div><div class=""cm-body""><div class=""name"">\xe4\xbc\x81\xe9\xb9\x85\xe5\x85\xb0\xe7\x99\xbb</'"
253,"b'div><div class=""works-num"">205 \xe9\x83\xa8\xe4\xbd\x9c\xe5\x93\x81\xe5\x9c\xa8\xe5\x94\xae</div></div></div></a></li><li><a href=""/provider/63797264/"" class=""provider-item""'"
254,"b'><div class=""col-media""><div class=""cm-left avatar""><div class=""avatar""><img src=""https://img2.doubanio.com/icon/up207926170-2.j'"
255,"b'pg""/></div></div><div class=""cm-body""><div class=""name"">\xe9\x9d\x92\xe8\xb1\x86\xe4\xb9\xa6\xe5\x9d\x8a</div><div class=""works-num"">86 \xe9\x83\xa8\xe4\xbd\x9c\xe5\x93\x81\xe5\x9c\xa8\xe5\x94\xae</div></div><'"
256,"b'/div></a></li></ul></div><div id=""R"" class=""provider-group""><div class=""index-name"">R</div><ul class=""provider-items""><li><a hre'"
257,"b'f=""/provider/63688041/"" class=""provider-item""><div class=""col-media""><div class=""cm-left avatar""><div class=""avatar""><img src=""h'"
258,"b'ttps://pic.arkread.com/avatar/agent/u/0c7042c576fa846!avatar_agent.jpg""/></div></div><div class=""cm-body""><div class=""name"">\xe4\xba\xba\xe6'"
259,"b'\xb0\x91\xe9\x82\xae\xe7\x94\xb5\xe5\x87\xba\xe7\x89\x88\xe7\xa4\xbe</div><div class=""works-num"">3831 \xe9\x83\xa8\xe4\xbd\x9c\xe5\x93\x81\xe5\x9c\xa8\xe5\x94\xae</div></div></div></a></li><li><a href=""/provider/63687721/"" c'"
260,"b'lass=""provider-item""><div class=""col-media""><div class=""cm-left avatar""><div class=""avatar""><img src=""https://pic.arkread.com/av'"
261,"b'atar/agent/u/d6a15e7e9ebf681!avatar_agent.jpg""/></div></div><div class=""cm-body""><div class=""name"">\xe4\xba\xba\xe6\xb0\x91\xe6\x96\x87\xe5\xad\xa6\xe5\x87\xba\xe7\x89\x88\xe7\xa4\xbe</div><d'"
262,"b'iv class=""works-num"">2837 \xe9\x83\xa8\xe4\xbd\x9c\xe5\x93\x81\xe5\x9c\xa8\xe5\x94\xae</div></div></div></a></li></ul></div><div id=""S"" class=""provider-group""><div class=""in'"
263,"b'dex-name"">S</div><ul class=""provider-items""><li><a href=""/provider/1063678/"" class=""provider-item""><div class=""col-media""><div c'"
264,"b'lass=""cm-left avatar""><div class=""avatar""><img src=""https://pic.arkread.com/avatar/agent/u/a51a03ddf8ad78c!avatar_agent.jpg""/></'"
265,"b'div></div><div class=""cm-body""><div class=""name"">\xe4\xb8\x8a\xe6\xb5\xb7\xe4\xb9\x9d\xe4\xb9\x85\xe8\xaf\xbb\xe4\xb9\xa6\xe4\xba\xba</div><div class=""works-num"">495 \xe9\x83\xa8\xe4\xbd\x9c\xe5\x93\x81\xe5\x9c\xa8\xe5\x94\xae</div></di'"
266,"b'v></div></a></li><li><a href=""/provider/1874926/"" class=""provider-item""><div class=""col-media""><div class=""cm-left avatar""><div '"
267,"b'class=""avatar""><img src=""https://pic.arkread.com/avatar/agent/u/f2f16c405bbc14b!avatar_agent.jpg""/></div></div><div class=""cm-bo'"
268,"b'dy""><div class=""name"">\xe4\xb8\x96\xe7\xba\xaa\xe6\x96\x87\xe6\x99\xaf</div><div class=""works-num"">676 \xe9\x83\xa8\xe4\xbd\x9c\xe5\x93\x81\xe5\x9c\xa8\xe5\x94\xae</div></div></div></a></li><li><a href=""/provi'"
269,"b'der/63687184/"" class=""provider-item""><div class=""col-media""><div class=""cm-left avatar""><div class=""avatar""><img src=""https://pi'"
270,"b'c.arkread.com/avatar/agent/u/fcd1ec43ad62da4!avatar_agent.jpg""/></div></div><div class=""cm-body""><div class=""name"">\xe4\xb8\x8a\xe6\xb5\xb7\xe8\xaf\x91\xe6\x96\x87\xe5'"
271,"b'\x87\xba\xe7\x89\x88\xe7\xa4\xbe</div><div class=""works-num"">2222 \xe9\x83\xa8\xe4\xbd\x9c\xe5\x93\x81\xe5\x9c\xa8\xe5\x94\xae</div></div></div></a></li><li><a href=""/provider/63687334/"" class=""pro'"
272,"b'vider-item""><div class=""col-media""><div class=""cm-left avatar""><div class=""avatar""><img src=""https://pic.arkread.com/avatar/agen'"
273,"b't/u/a158099187506bf!avatar_agent.jpg""/></div></div><div class=""cm-body""><div class=""name"">\xe4\xb8\x8a\xe6\xb5\xb7\xe9\x9b\x85\xe4\xbc\x97\xe6\x96\x87\xe5\x8c\x96</div><div class=""wo'"
274,"b'rks-num"">95 \xe9\x83\xa8\xe4\xbd\x9c\xe5\x93\x81\xe5\x9c\xa8\xe5\x94\xae</div></div></div></a></li><li><a href=""/provider/63693637/"" class=""provider-item""><div class=""col-me'"
275,"b'dia""><div class=""cm-left avatar""><div class=""avatar""><img src=""https://pic.arkread.com/avatar/agent/u/1fb927387a3bf63!avatar_age'"
276,"b'nt.jpg""/></div></div><div class=""cm-body""><div class=""name"">\xe4\xb8\x8a\xe6\xb5\xb7\xe7\xa4\xbe\xe4\xbc\x9a\xe7\xa7\x91\xe5\xad\xa6\xe9\x99\xa2\xe5\x87\xba\xe7\x89\x88\xe7\xa4\xbe</div><div class=""works-num"">117 \xe9\x83\xa8\xe4\xbd'"
277,"b'\x9c\xe5\x93\x81\xe5\x9c\xa8\xe5\x94\xae</div></div></div></a></li><li><a href=""/provider/63694334/"" class=""provider-item""><div class=""col-media""><div class=""'"
278,"b'cm-left avatar""><div class=""avatar""><img src=""https://pic.arkread.com/avatar/agent/u/59e9d9cb750e78c!avatar_agent.jpg""/></div></'"
279,"b'div><div class=""cm-body""><div class=""name"">\xe7\xa4\xbe\xe4\xbc\x9a\xe7\xa7\x91\xe5\xad\xa6\xe6\x96\x87\xe7\x8c\xae\xe5\x87\xba\xe7\x89\x88\xe7\xa4\xbe</div><div class=""works-num"">1080 \xe9\x83\xa8\xe4\xbd\x9c\xe5\x93\x81\xe5\x9c\xa8\xe5\x94\xae</div></d'"
280,"b'iv></div></a></li><li><a href=""/provider/63708014/"" class=""provider-item""><div class=""col-media""><div class=""cm-left avatar""><di'"
281,"b'v class=""avatar""><img src=""https://pic.arkread.com/avatar/agent/u/45a84755e97c25c!avatar_agent.jpg""/></div></div><div class=""cm-'"
282,"b'body""><div class=""name"">\xe4\xb8\x8a\xe6\xb5\xb7\xe6\x96\x87\xe8\x89\xba\xe5\x87\xba\xe7\x89\x88\xe7\xa4\xbe</div><div class=""works-num"">273 \xe9\x83\xa8\xe4\xbd\x9c\xe5\x93\x81\xe5\x9c\xa8\xe5\x94\xae</div></div></div></a></li><li><a h'"
283,"b'ref=""/provider/63714822/"" class=""provider-item""><div class=""col-media""><div class=""cm-left avatar""><div class=""avatar""><img src='"
284,"b'""https://pic.arkread.com/avatar/agent/u/fa9ba0c772cfb59!avatar_agent.jpg""/></div></div><div class=""cm-body""><div class=""name"">\xe4\xb8'"
285,"b'\x8a\xe6\xb5\xb7\xe4\xba\xa4\xe9\x80\x9a\xe5\xa4\xa7\xe5\xad\xa6\xe5\x87\xba\xe7\x89\x88\xe7\xa4\xbe</div><div class=""works-num"">1157 \xe9\x83\xa8\xe4\xbd\x9c\xe5\x93\x81\xe5\x9c\xa8\xe5\x94\xae</div></div></div></a></li><li><a href=""/provider/6376'"
286,"b'3740/"" class=""provider-item""><div class=""col-media""><div class=""cm-left avatar""><div class=""avatar""><img src=""https://pic.arkrea'"
287,"b'd.com/avatar/agent/u/480c65d5dc433ce!avatar_agent.jpg""/></div></div><div class=""cm-body""><div class=""name"">\xe4\xb8\x8a\xe6\xb5\xb7\xe9\x9f\xb3\xe4\xb9\x90\xe5\x87\xba\xe7\x89\x88\xe7\xa4\xbe'"
288,"b'</div><div class=""works-num"">304 \xe9\x83\xa8\xe4\xbd\x9c\xe5\x93\x81\xe5\x9c\xa8\xe5\x94\xae</div></div></div></a></li><li><a href=""/provider/63777148/"" class=""provider-ite'"
289,"b'm""><div class=""col-media""><div class=""cm-left avatar""><div class=""avatar""><img src=""https://img2.doubanio.com/icon/up209046738-2'"
290,"b'.jpg""/></div></div><div class=""cm-body""><div class=""name"">\xe4\xb8\x8a\xe6\xb5\xb7\xe5\x8f\xa4\xe7\xb1\x8d\xe5\x87\xba\xe7\x89\x88\xe7\xa4\xbe</div><div class=""works-num"">157 \xe9\x83\xa8\xe4\xbd\x9c\xe5\x93\x81\xe5\x9c\xa8\xe5\x94\xae<'"
291,"b'/div></div></div></a></li><li><a href=""/provider/63687251/"" class=""provider-item""><div class=""col-media""><div class=""cm-left ava'"
292,"b'tar""><div class=""avatar""><img src=""https://pic.arkread.com/avatar/agent/u/a7aae9f0a3cc67b!avatar_agent.jpg""/></div></div><div cl'"
293,"b'ass=""cm-body""><div class=""name"">\xe6\x97\xb6\xe4\xbb\xa3\xe5\x8d\x8e\xe6\x96\x87\xe4\xb9\xa6\xe5\xb1\x80</div><div class=""works-num"">418 \xe9\x83\xa8\xe4\xbd\x9c\xe5\x93\x81\xe5\x9c\xa8\xe5\x94\xae</div></div></div></a></li><li'"
294,"b'><a href=""/provider/63692079/"" class=""provider-item""><div class=""col-media""><div class=""cm-left avatar""><div class=""avatar""><img'"
295,"b' src=""https://pic.arkread.com/avatar/agent/u/116f81f98758586!avatar_agent.jpg""/></div></div><div class=""cm-body""><div class=""nam'"
296,"b'e"">\xe7\x94\x9f\xe6\xb4\xbb\xc2\xb7\xe8\xaf\xbb\xe4\xb9\xa6\xc2\xb7\xe6\x96\xb0\xe7\x9f\xa5\xe4\xb8\x89\xe8\x81\x94\xe4\xb9\xa6\xe5\xba\x97</div><div class=""works-num"">127 \xe9\x83\xa8\xe4\xbd\x9c\xe5\x93\x81\xe5\x9c\xa8\xe5\x94\xae</div></div></div></a></li></ul></div><div '"
297,"b'id=""T"" class=""provider-group""><div class=""index-name"">T</div><ul class=""provider-items""><li><a href=""/provider/63738794/"" class='"
298,"b'""provider-item""><div class=""col-media""><div class=""cm-left avatar""><div class=""avatar""><img src=""https://pic.arkread.com/avatar/'"
299,"b'agent/u/603a263f256b9aa!avatar_agent.jpg""/></div></div><div class=""cm-body""><div class=""name"">\xe5\xa4\xa9\xe6\xb4\xa5\xe6\x98\x9f\xe6\x96\x87\xe6\x96\x87\xe5\x8c\x96\xe4\xbc\xa0\xe6\x92\xad\xe6\x9c\x89\xe9\x99\x90\xe5\x85\xac\xe5'"
300,"b'\x8f\xb8</div><div class=""works-num"">112 \xe9\x83\xa8\xe4\xbd\x9c\xe5\x93\x81\xe5\x9c\xa8\xe5\x94\xae</div></div></div></a></li></ul></div><div id=""W"" class=""provider-group""><div '"
301,"b'class=""index-name"">W</div><ul class=""provider-items""><li><a href=""/provider/63761754/"" class=""provider-item""><div class=""col-med'"
302,"b'ia""><div class=""cm-left avatar""><div class=""avatar""><img src=""https://pic.arkread.com/avatar/agent/u/daeb6071de90f7d!avatar_agen'"
303,"b't.jpg""/></div></div><div class=""cm-body""><div class=""name"">\xe6\x9c\xaa\xe8\xaf\xbb</div><div class=""works-num"">301 \xe9\x83\xa8\xe4\xbd\x9c\xe5\x93\x81\xe5\x9c\xa8\xe5\x94\xae</div></div></d'"
304,"b'iv></a></li><li><a href=""/provider/63806704/"" class=""provider-item""><div class=""col-media""><div class=""cm-left avatar""><div clas'"
305,"b's=""avatar""><img src=""https://img9.doubanio.com/icon/up162022115-5.jpg""/></div></div><div class=""cm-body""><div class=""name"">\xe6\x96\x87\xe5\x8c'"
306,"b'\x96\xe5\x8f\x91\xe5\xb1\x95\xe5\x87\xba\xe7\x89\x88\xe7\xa4\xbe</div><div class=""works-num"">80 \xe9\x83\xa8\xe4\xbd\x9c\xe5\x93\x81\xe5\x9c\xa8\xe5\x94\xae</div></div></div></a></li></ul></div><div id=""X"" class=""provider'"
307,"b'-group""><div class=""index-name"">X</div><ul class=""provider-items""><li><a href=""/provider/63686901/"" class=""provider-item""><div c'"
308,"b'lass=""col-media""><div class=""cm-left avatar""><div class=""avatar""><img src=""https://pic.arkread.com/avatar/agent/u/62b701d4f3357b'"
309,"b'5!avatar_agent.jpg""/></div></div><div class=""cm-body""><div class=""name"">\xe6\x96\xb0\xe6\x98\x9f\xe5\x87\xba\xe7\x89\x88\xe7\xa4\xbe</div><div class=""works-num"">673 \xe9\x83\xa8\xe4\xbd\x9c\xe5\x93'"
310,"b'\x81\xe5\x9c\xa8\xe5\x94\xae</div></div></div></a></li><li><a href=""/provider/63688397/"" class=""provider-item""><div class=""col-media""><div class=""cm-'"
311,"b'left avatar""><div class=""avatar""><img src=""https://pic.arkread.com/avatar/agent/u/676e283e6e17e54!avatar_agent.jpg""/></div></div'"
312,"b'><div class=""cm-body""><div class=""name"">\xe6\x82\xac\xe7\x96\x91\xe4\xb8\x96\xe7\x95\x8c</div><div class=""works-num"">218 \xe9\x83\xa8\xe4\xbd\x9c\xe5\x93\x81\xe5\x9c\xa8\xe5\x94\xae</div></div></div></a></li><'"
313,"b'li><a href=""/provider/38602870/"" class=""provider-item""><div class=""col-media""><div class=""cm-left avatar""><div class=""avatar""><i'"
314,"b'mg src=""https://pic.arkread.com/avatar/agent/u/79a29226130c05f!avatar_agent.jpg""/></div></div><div class=""cm-body""><div class=""n'"
315,"b'ame"">\xe6\x96\xb0\xe7\xbb\x8f\xe5\x85\xb8\xe6\x96\x87\xe5\x8c\x96</div><div class=""works-num"">426 \xe9\x83\xa8\xe4\xbd\x9c\xe5\x93\x81\xe5\x9c\xa8\xe5\x94\xae</div></div></div></a></li><li><a href=""/provider/63713723/""'"
316,"b' class=""provider-item""><div class=""col-media""><div class=""cm-left avatar""><div class=""avatar""><img src=""https://pic.arkread.com/'"
317,"b'avatar/agent/u/0733d9bca4a2e5e!avatar_agent.jpg""/></div></div><div class=""cm-body""><div class=""name"">\xe6\x96\xb0\xe5\x8d\x8e\xe5\x85\x88\xe9\x94\x8b\xe5\x87\xba\xe7\x89\x88\xe7\xa7\x91\xe6\x8a\x80</d'"
318,"b'iv><div class=""works-num"">1124 \xe9\x83\xa8\xe4\xbd\x9c\xe5\x93\x81\xe5\x9c\xa8\xe5\x94\xae</div></div></div></a></li></ul></div><div id=""Y"" class=""provider-group""><div clas'"
319,"b's=""index-name"">Y</div><ul class=""provider-items""><li><a href=""/provider/63687099/"" class=""provider-item""><div class=""col-media"">'"
320,"b'<div class=""cm-left avatar""><div class=""avatar""><img src=""https://pic.arkread.com/avatar/agent/u/a2f96aa09afc9ff!avatar_agent.jp'"
321,"b'g""/></div></div><div class=""cm-body""><div class=""name"">\xe8\xaf\x91\xe6\x9e\x97\xe5\x87\xba\xe7\x89\x88\xe7\xa4\xbe</div><div class=""works-num"">1307 \xe9\x83\xa8\xe4\xbd\x9c\xe5\x93\x81\xe5\x9c\xa8\xe5\x94\xae</div></d'"
322,"b'iv></div></a></li><li><a href=""/provider/63688029/"" class=""provider-item""><div class=""col-media""><div class=""cm-left avatar""><di'"
323,"b'v class=""avatar""><img src=""https://pic.arkread.com/avatar/agent/u/c4236516f9ce250!avatar_agent.jpg""/></div></div><div class=""cm-'"
324,"b'body""><div class=""name"">\xe8\xaf\x91\xe8\xa8\x80\xc2\xb7\xe4\xb8\x9c\xe8\xa5\xbf\xe6\x96\x87\xe5\xba\x93</div><div class=""works-num"">10 \xe9\x83\xa8\xe4\xbd\x9c\xe5\x93\x81\xe5\x9c\xa8\xe5\x94\xae</div></div></div></a></li><li><a hre'"
325,"b'f=""/provider/63688030/"" class=""provider-item""><div class=""col-media""><div class=""cm-left avatar""><div class=""avatar""><img src=""h'"
326,"b'ttps://pic.arkread.com/avatar/agent/u/d8b5fecb863ca8a!avatar_agent.jpg""/></div></div><div class=""cm-body""><div class=""name"">\xe8\xaf\x91\xe8'"
327,"b'\xa8\x80\xc2\xb7\xe5\x8f\xa4\xe7\x99\xbb\xe5\xa0\xa1\xe8\xae\xa1\xe5\x88\x92</div><div class=""works-num"">609 \xe9\x83\xa8\xe4\xbd\x9c\xe5\x93\x81\xe5\x9c\xa8\xe5\x94\xae</div></div></div></a></li><li><a href=""/provider/63687035/"" '"
328,"b'class=""provider-item""><div class=""col-media""><div class=""cm-left avatar""><div class=""avatar""><img src=""https://pic.arkread.com/a'"
329,"b'vatar/agent/u/25fb2c40dbb7ad4!avatar_agent.jpg""/></div></div><div class=""cm-body""><div class=""name"">\xe9\x98\x85\xe6\x96\x87\xe9\x9b\x86\xe5\x9b\xa2\xe5\x8d\x8e\xe6\x96\x87\xe5\xa4\xa9\xe4\xb8\x8b</di'"
330,"b'v><div class=""works-num"">734 \xe9\x83\xa8\xe4\xbd\x9c\xe5\x93\x81\xe5\x9c\xa8\xe5\x94\xae</div></div></div></a></li><li><a href=""/provider/63688738/"" class=""provider-item""><'"
331,"b'div class=""col-media""><div class=""cm-left avatar""><div class=""avatar""><img src=""https://pic.arkread.com/avatar/agent/u/664c070ec'"
332,"b'f5b651!avatar_agent.jpg""/></div></div><div class=""cm-body""><div class=""name"">\xe9\x98\xb3\xe5\x85\x89\xe5\x8d\x9a\xe5\xae\xa2</div><div class=""works-num"">318 \xe9\x83\xa8\xe4\xbd\x9c'"
333,"b'\xe5\x93\x81\xe5\x9c\xa8\xe5\x94\xae</div></div></div></a></li><li><a href=""/provider/63699700/"" class=""provider-item""><div class=""col-media""><div class=""c'"
334,"b'm-left avatar""><div class=""avatar""><img src=""https://pic.arkread.com/avatar/agent/u/1715074cdb5b922!avatar_agent.jpg""/></div></d'"
335,"b'iv><div class=""cm-body""><div class=""name"">\xe6\x82\xa6\xe8\xaf\xbb\xe5\x90\x8d\xe5\x93\x81</div><div class=""works-num"">261 \xe9\x83\xa8\xe4\xbd\x9c\xe5\x93\x81\xe5\x9c\xa8\xe5\x94\xae</div></div></div></a></li'"
336,"b'></ul></div><div id=""Z"" class=""provider-group""><div class=""index-name"">Z</div><ul class=""provider-items""><li><a href=""/provider/'"
337,"b'6578125/"" class=""provider-item""><div class=""col-media""><div class=""cm-left avatar""><div class=""avatar""><img src=""https://pic.ark'"
338,"b'read.com/avatar/agent/u/2c1854b6f543a7a!avatar_agent.jpg""/></div></div><div class=""cm-body""><div class=""name"">\xe4\xb8\xad\xe4\xbf\xa1\xe5\x87\xba\xe7\x89\x88\xe7\xa4\xbe</d'"
339,"b'iv><div class=""works-num"">2993 \xe9\x83\xa8\xe4\xbd\x9c\xe5\x93\x81\xe5\x9c\xa8\xe5\x94\xae</div></div></div></a></li><li><a href=""/provider/29449961/"" class=""provider-item""'"
340,"b'><div class=""col-media""><div class=""cm-left avatar""><div class=""avatar""><img src=""https://pic.arkread.com/avatar/agent/u/e445316'"
341,"b'8359f76e!avatar_agent.jpg""/></div></div><div class=""cm-body""><div class=""name"">\xe4\xb8\xad\xe5\x9b\xbd\xe4\xba\xba\xe6\xb0\x91\xe5\xa4\xa7\xe5\xad\xa6\xe5\x87\xba\xe7\x89\x88\xe7\xa4\xbe</div><div class=""work'"
342,"b's-num"">2417 \xe9\x83\xa8\xe4\xbd\x9c\xe5\x93\x81\xe5\x9c\xa8\xe5\x94\xae</div></div></div></a></li><li><a href=""/provider/63687073/"" class=""provider-item""><div class=""col-me'"
343,"b'dia""><div class=""cm-left avatar""><div class=""avatar""><img src=""https://pic.arkread.com/avatar/agent/u/3d70c229e0984f2!avatar_age'"
344,"b'nt.jpg""/></div></div><div class=""cm-body""><div class=""name"">\xe4\xb8\xad\xe4\xbd\x9c\xe5\x8d\x8e\xe6\x96\x87</div><div class=""works-num"">148 \xe9\x83\xa8\xe4\xbd\x9c\xe5\x93\x81\xe5\x9c\xa8\xe5\x94\xae</div></'"
345,"b'div></div></a></li><li><a href=""/provider/63688047/"" class=""provider-item""><div class=""col-media""><div class=""cm-left avatar""><d'"
346,"b'iv class=""avatar""><img src=""https://pic.arkread.com/avatar/agent/u/dd56a7e7a6a03ad!avatar_agent.jpg""/></div></div><div class=""cm'"
347,"b'-body""><div class=""name"">\xe6\xb5\x99\xe7\x89\x88\xe6\x95\xb0\xe5\xaa\x92</div><div class=""works-num"">3226 \xe9\x83\xa8\xe4\xbd\x9c\xe5\x93\x81\xe5\x9c\xa8\xe5\x94\xae</div></div></div></a></li><li><a href=""/p'"
348,"b'rovider/63716864/"" class=""provider-item""><div class=""col-media""><div class=""cm-left avatar""><div class=""avatar""><img src=""https:'"
349,"b'//pic.arkread.com/avatar/agent/u/51c9a7b3abd0b3d!avatar_agent.jpg""/></div></div><div class=""cm-body""><div class=""name"">\xe6\xb9\x9b\xe5\xba\x90\xe6\x96\x87'"
350,"b'\xe5\x8c\x96</div><div class=""works-num"">895 \xe9\x83\xa8\xe4\xbd\x9c\xe5\x93\x81\xe5\x9c\xa8\xe5\x94\xae</div></div></div></a></li><li><a href=""/provider/63716667/"" class=""provider-'"
351,"b'item""><div class=""col-media""><div class=""cm-left avatar""><div class=""avatar""><img src=""https://pic.arkread.com/avatar/agent/u/4d'"
352,"b'8cc541263281b!avatar_agent.jpg""/></div></div><div class=""cm-body""><div class=""name"">\xe6\xb5\x99\xe6\xb1\x9f\xe6\x96\x87\xe8\x89\xba\xe5\x87\xba\xe7\x89\x88\xe7\xa4\xbe</div><div class=""works'"
353,"b'-num"">613 \xe9\x83\xa8\xe4\xbd\x9c\xe5\x93\x81\xe5\x9c\xa8\xe5\x94\xae</div></div></div></a></li><li><a href=""/provider/63724217/"" class=""provider-item""><div class=""col-medi'"
354,"b'a""><div class=""cm-left avatar""><div class=""avatar""><img src=""https://pic.arkread.com/avatar/agent/u/12d78b12c496296!avatar_agent'"
355,"b'.jpg""/></div></div><div class=""cm-body""><div class=""name"">\xe4\xb8\xad\xe5\x8d\x8e\xe4\xb9\xa6\xe5\xb1\x80</div><div class=""works-num"">753 \xe9\x83\xa8\xe4\xbd\x9c\xe5\x93\x81\xe5\x9c\xa8\xe5\x94\xae</div></di'"
356,"b'v></div></a></li><li><a href=""/provider/63754718/"" class=""provider-item""><div class=""col-media""><div class=""cm-left avatar""><div'"
357,"b' class=""avatar""><img src=""https://pic.arkread.com/avatar/agent/u/dd168d53e0f6d2a!avatar_agent.jpg""/></div></div><div class=""cm-b'"
358,"b'ody""><div class=""name"">\xe4\xb8\xad\xe5\x9b\xbd\xe5\x9b\xbe\xe4\xb9\xa6\xe8\xbf\x9b\xe5\x87\xba\xe5\x8f\xa3\xef\xbc\x88\xe9\x9b\x86\xe5\x9b\xa2\xef\xbc\x89\xe6\x9c\x89\xe9\x99\x90\xe5\x85\xac\xe5\x8f\xb8</div><div class=""works-num"">38 \xe9\x83\xa8\xe4\xbd\x9c\xe5\x93\x81\xe5\x9c\xa8\xe5\x94\xae</div></div><'"
359,"b'/div></a></li><li><a href=""/provider/63767526/"" class=""provider-item""><div class=""col-media""><div class=""cm-left avatar""><div cl'"
360,"b'ass=""avatar""><img src=""https://pic.arkread.com/avatar/agent/u/4de219a9a3dfc16!avatar_agent.jpg""/></div></div><div class=""cm-body'"
361,"b'""><div class=""name"">\xe6\xb5\x99\xe6\xb1\x9f\xe4\xba\xba\xe6\xb0\x91\xe5\x87\xba\xe7\x89\x88\xe7\xa4\xbe</div><div class=""works-num"">112 \xe9\x83\xa8\xe4\xbd\x9c\xe5\x93\x81\xe5\x9c\xa8\xe5\x94\xae</div></div></div></a></li><li><a href='"
362,"b'""/provider/63687796/"" class=""provider-item""><div class=""col-media""><div class=""cm-left avatar""><div class=""avatar""><img src=""htt'"
363,"b'ps://pic.arkread.com/avatar/agent/u/d38f5f3cae4de33!avatar_agent.jpg""/></div></div><div class=""cm-body""><div class=""name"">\xe7\xb4\xab\xe5\x9b\xbe'"
364,"b'\xe5\x9b\xbe\xe4\xb9\xa6</div><div class=""works-num"">488 \xe9\x83\xa8\xe4\xbd\x9c\xe5\x93\x81\xe5\x9c\xa8\xe5\x94\xae</div></div></div></a></li><li><a href=""/provider/63919943/"" class=""provid'"
365,"b'er-item""><div class=""col-media""><div class=""cm-left avatar""><div class=""avatar""><img src=""https://pic.arkread.com/avatar/agent/u'"
366,"b'/497e7cd68494e62!avatar_agent.jpg""/></div></div><div class=""cm-body""><div class=""name"">\xe7\x9c\x9f\xe5\xae\x9e\xe6\x95\x85\xe4\xba\x8b\xe8\xae\xa1\xe5\x88\x92</div><div class=""works'"
367,"b'-num"">57 \xe9\x83\xa8\xe4\xbd\x9c\xe5\x93\x81\xe5\x9c\xa8\xe5\x94\xae</div></div></div></a></li></ul></div></div></div></section><script>\ndefine.config({\n  \'widget/sticky\': '"
368,"b'\'Ark.Sticky\'\n});\nDo.add(\'widget/sticky\', {\n  path: ""https://static.arkread.com/ark/js/widget/sticky.ae3a338e.js""\n, requires: [\'m'"
369,"b'od/lang\']\n, type: \'js\'\n});\nDo.add(\'store/provider/all\', {\n  path: ""https://static.arkread.com/ark/js/store/provider/all.0e5eedb5'"
370,"b'.js""\n, requires: [\'widget/sticky\']\n, type: \'js\'\n});\nDo(\'store/provider/all\');</script><script>\nif (window.define) {\n  window.ori'"
371,"b'gDefine = window.define\n  window.define = function() {}\n}</script><script src=""https://static.arkread.com/ark/js/lib/core-js/shi'"
372,"b'm.becb2814.js""></script><script>\nif (window.define) {\n  window.define = window.origDefine\n}</script><script src=""https://static.'"
373,"b'arkread.com/ark/store/vendor.e3ee1552.js""></script><script src=""https://static.arkread.com/ark/store/common.a1d8c3c3.js""></scrip'"
374,"b't><script src=""https://static.arkread.com/ark/store/store-v1-to-v3/app.f9434f88.js""></script><script src=""https://static.arkread'"
375,"b'.com/ark/js/lib/do/init.b7862422.js"" data-cfg-corelib=""https://static.arkread.com/ark/js/lib/jquery/jquery.ac49ef50.js""></script'"
376,"b'></div><footer id=""footer-compact"" class=""""><div class=""inner""><div class=""copyright"">&copy; 2014 - 2022 read.douban.com, all ri'"
377,"b'ghts reserved.&nbsp;&nbsp;<a href=""https://static.arkread.com/ark/pics/license/ark-reading-business-license-mark.a9d08a12.jpg"" t'"
378,"b'arget=""_blank"" rel=""noopener noreferrer"">\xe5\x8c\x97\xe4\xba\xac\xe6\x96\xb9\xe8\x88\x9f\xe9\x98\x85\xe8\xaf\xbb\xe7\xa7\x91\xe6\x8a\x80\xe6\x9c\x89\xe9\x99\x90\xe5\x85\xac\xe5\x8f\xb8</a><div class=""license-list""><div class=""license-i'"
379,"b'tem""><a href=""http://www.beian.miit.gov.cn"" target=""_blank"" rel=""noopener noreferrer"">\xe4\xba\xacICP\xe5\xa4\x8711027288\xe5\x8f\xb7</a></div><div class=""'"
380,"b'license-item""><a href=""https://www.douban.com/about?topic=licence"" target=""_blank"" rel=""noopener noreferrer"">\xe7\xbd\x91\xe7\xbb\x9c\xe8\xa7\x86\xe5\x90\xac\xe8\xae\xb8\xe5\x8f\xaf\xe8'"
381,"b'\xaf\x810110418\xe5\x8f\xb7</a></div><div class=""license-item""><a href=""https://static.arkread.com/ark/pics/license/ark-reading-publications-bu'"
382,"b'siness-license-mark.781738be.jpg"" target=""_blank"" rel=""noopener noreferrer"">\xe6\x96\xb0\xe5\x87\xba\xe5\x8f\x91\xe4\xba\xac\xe6\x89\xb9\xe5\xad\x97\xe7\xac\xac\xe7\x9b\xb4160030\xe5\x8f\xb7</a></div><div clas'"
383,"b's=""license-item"">\xe6\x96\x87\xe7\xbd\x91\xe6\x96\x87[2009]267\xe5\x8f\xb7&nbsp;&nbsp;(\xe6\x80\xbb)\xe7\xbd\x91\xe5\x87\xba\xe8\xaf\x81(\xe4\xba\xac)\xe5\xad\x97129\xe5\x8f\xb7</div></div></div><a title=""\xe8\xb1\x86\xe7\x93\xa3\xe9\x98\x85\xe8\xaf\xbb"" href=""/""'"
384,"b' class=""logo""></a><div class=""ft-nav""><div class=""item""><a href=""/contact"">\xe8\x81\x94\xe7\xb3\xbb\xe6\x88\x91\xe4\xbb\xac</a></div><div class=""item""><a href=""/faq'"
385,"b'"">\xe5\xb8\xae\xe5\x8a\xa9\xe4\xb8\xad\xe5\xbf\x83</a></div><div class=""item""><a href=""https://weibo.com/readdouban"">\xe5\xae\x98\xe6\x96\xb9\xe5\xbe\xae\xe5\x8d\x9a</a></div><div class=""item""><a href'"
386,"b'=""/app/"">\xe7\xa7\xbb\xe5\x8a\xa8\xe5\xae\xa2\xe6\x88\xb7\xe7\xab\xaf</a></div><div class=""item""><a href=""/careers"">\xe6\x9d\xa5\xe8\xbf\x99\xe9\x87\x8c\xe5\xb7\xa5\xe4\xbd\x9c</a></div></div></div></footer><script>\nva'"
387,"b""r mobileBtn = document.getElementById('go-mobile');\n\nif (mobileBtn) {\n  mobileBtn.addEventListener('click', turnToMobile);\n}\n\nfu"""
388,"b""nction turnToMobile(e) {\n  e.preventDefault();\n  document.cookie = 'page_style=mobile; path=/; max-age=0';\n  location.reload();\n"""
389,"b""}</script></div><script>\nvar _paq = _paq || [];\n_paq.push(['trackPageView']);\n_paq.push(['enableLinkTracking']);\n(function() {\n """
390,"b"" var p=(('https:' == document.location.protocol) ? 'https' : 'http'), u=p+'://fundin.douban.com/';\n  _paq.push(['setTrackerUrl',"""
391,"b"" u+'piwik']);\n  _paq.push(['setSiteId', '100001']);\n  var d=document, g=d.createElement('script'), s=d.getElementsByTagName('scr"""
392,"b""ipt')[0];\n  g.type='text/javascript';\n  g.defer=true;\n  g.async=true;\n  g.src=p+'://img3.doubanio.com/dae/fundin/piwik.js';\n  s."""
393,"b""parentNode.insertBefore(g,s);\n})();\n\n\n  ga('require', 'ecommerce', 'ecommerce.js');\n  ga('require', 'campaignLoader', { debug: f"""
394,"b""alse });\n  ga('campaignLoader:loadCampaignFields');\n\n  ga('send', 'pageview', {\n    hitCallback: window.Ark && Ark.onGAPageViewD"""
395,"b""one\n  });\n\n// GA4 event\nconst getDeviceTheme = () => {\n  return window.matchMedia &&\n    window.matchMedia('(prefers-color-schem"""
396,"b""e: dark)').matches\n    ? 'Dark'\n    : 'Light'\n}\n\ngtag('event', 'user_device', {\n  pixel_ratio: window.devicePixelRatio,\n  theme:"""
397,"b' getDeviceTheme(),\n})\n\n\n\n\n\n\nga(\'set\', \'dimension5\', \'none\');</script><script async=""async"" src=""https://static.arkread.com/ark/j'"
398,"b's/widget/campaign-loader.7fc0870d.js""></script></body></html>'"
